-- phpMyAdmin SQL Dump
-- version 4.7.4
-- https://www.phpmyadmin.net/
--
-- Servidor: 127.0.0.1:3306
-- Tiempo de generación: 17-10-2018 a las 13:43:52
-- Versión del servidor: 5.7.19
-- Versión de PHP: 5.6.31

SET SQL_MODE = "NO_AUTO_VALUE_ON_ZERO";
SET AUTOCOMMIT = 0;
START TRANSACTION;
SET time_zone = "+00:00";


/*!40101 SET @OLD_CHARACTER_SET_CLIENT=@@CHARACTER_SET_CLIENT */;
/*!40101 SET @OLD_CHARACTER_SET_RESULTS=@@CHARACTER_SET_RESULTS */;
/*!40101 SET @OLD_COLLATION_CONNECTION=@@COLLATION_CONNECTION */;
/*!40101 SET NAMES utf8mb4 */;

--
-- Base de datos: `cooking_recipes`
--

-- --------------------------------------------------------

--
-- Estructura de tabla para la tabla `admin`
--

DROP TABLE IF EXISTS `admin`;
CREATE TABLE IF NOT EXISTS `admin` (
  `id` int(11) NOT NULL AUTO_INCREMENT,
  `admin_name` varchar(255) DEFAULT NULL,
  `password` varchar(255) DEFAULT NULL,
  `email` varchar(255) NOT NULL,
  `token` varchar(255) DEFAULT NULL,
  `role` varchar(255) NOT NULL DEFAULT 'moderator',
  PRIMARY KEY (`id`)
) ENGINE=MyISAM AUTO_INCREMENT=18 DEFAULT CHARSET=utf8;

--
-- Volcado de datos para la tabla `admin`
--

INSERT INTO `admin` (`id`, `admin_name`, `password`, `email`, `token`, `role`) VALUES
(1, 'Normando', '$2y$10$E5yP22BSI8vdoOfW/x4uxuYA6A77fhJ6XfHPQR1v2nYQ2W9nV0s0e', 'normandogil@gmail.com', NULL, 'administrator'),
(16, 'Jacinto', '$2y$10$ebK9z1LHEnI.Ts9Vkq9cL.0NbhNWkX2miqwhLMJhTHGqDfeyaiKwy', 'jacinto@mail.com', NULL, 'moderator'),
(17, 'Jean-Philippe', '$2y$10$1wG6/MfF1aWZR0SCMsTsTuXoMCSKnc/GPAQz5Ax/otDs7GpucButG', 'jpm@monsieuroumadame.com', NULL, 'administrator');

-- --------------------------------------------------------

--
-- Estructura de tabla para la tabla `categories`
--

DROP TABLE IF EXISTS `categories`;
CREATE TABLE IF NOT EXISTS `categories` (
  `id` int(4) NOT NULL AUTO_INCREMENT,
  `category_name` varchar(80) NOT NULL,
  `description` mediumtext,
  PRIMARY KEY (`id`),
  UNIQUE KEY `categorie_id_uindex` (`id`)
) ENGINE=InnoDB AUTO_INCREMENT=8 DEFAULT CHARSET=utf8;

--
-- Volcado de datos para la tabla `categories`
--

INSERT INTO `categories` (`id`, `category_name`, `description`) VALUES
(1, 'Non classée', 'Cette recette ne correspond à aucune des catégories crées'),
(2, 'Entrées', 'Une entrée'),
(3, 'Plats', 'Un plat'),
(4, 'Desserts', 'Un dessert'),
(5, 'Hamburgers', 'Des burgers'),
(6, 'Pizzas', 'Des pizzas'),
(7, 'Sandwichs', 'Des sandwhichs');

-- --------------------------------------------------------

--
-- Estructura de tabla para la tabla `comments`
--

DROP TABLE IF EXISTS `comments`;
CREATE TABLE IF NOT EXISTS `comments` (
  `id` int(4) NOT NULL AUTO_INCREMENT,
  `name` varchar(255) NOT NULL,
  `email` varchar(255) NOT NULL,
  `comment` text NOT NULL,
  `recipe_id` int(4) NOT NULL,
  `date` datetime NOT NULL,
  `seen` tinyint(1) NOT NULL DEFAULT '0',
  PRIMARY KEY (`id`)
) ENGINE=InnoDB AUTO_INCREMENT=19 DEFAULT CHARSET=utf8;

--
-- Volcado de datos para la tabla `comments`
--

INSERT INTO `comments` (`id`, `name`, `email`, `comment`, `recipe_id`, `date`, `seen`) VALUES
(1, 'Pancho', 'pancho@mail.com', 'Uy uy uy...', 29, '2018-08-17 15:08:43', 1),
(2, 'Moncho', 'moncho@mail.com', 'Ay ay ay...', 28, '2018-08-17 15:31:54', 0),
(3, 'Normando Gil', 'normandogil@gmail.com', '!lkjlkj', 28, '2018-08-21 00:42:49', 0),
(5, 'Juancito', 'juancito@mail.com', 'aha', 28, '2018-08-21 00:52:02', 0),
(13, 'nahui', 'nahui@mail.com', 'mmmh ca a l air bon', 19, '2018-09-22 14:39:25', 0),
(14, 'Pichu', 'pichu@mail.com', 'miam miam miam', 10, '2018-09-27 14:16:08', 0),
(15, 'Taco', 'taco@mail.fr', 'Ideo urbs venerabilis post superbas efferatarum gentium cervices oppressas latasque leges fundamenta libertatis et retinacula sempiterna velut frugi parens et prudens et dives Caesaribus tamquam liberis suis regenda patrimonii iura permisit.', 117, '2018-10-02 15:17:11', 0),
(18, 'Mari', 'mari@mail.com', 'SALADE D’AVOCAT, MANGUE, GRENADE ET CITRON CONFIT \r\nC\'est très bon', 9, '2018-10-11 15:35:51', 0);

-- --------------------------------------------------------

--
-- Estructura de tabla para la tabla `recipes`
--

DROP TABLE IF EXISTS `recipes`;
CREATE TABLE IF NOT EXISTS `recipes` (
  `id` int(4) NOT NULL AUTO_INCREMENT,
  `title` varchar(80) NOT NULL,
  `post_date` datetime NOT NULL,
  `description` mediumtext,
  `category_id` int(4) DEFAULT NULL,
  `ingredients` mediumtext,
  `picture` varchar(255) DEFAULT 'recette.png',
  `pays` varchar(80) DEFAULT NULL,
  `posted` tinyint(1) NOT NULL DEFAULT '0',
  `admin_id` int(4) NOT NULL,
  PRIMARY KEY (`id`),
  KEY `articles_category_id_index` (`category_id`),
  KEY `id` (`id`),
  KEY `admin_id` (`admin_id`)
) ENGINE=InnoDB AUTO_INCREMENT=123 DEFAULT CHARSET=utf8;

--
-- Volcado de datos para la tabla `recipes`
--

INSERT INTO `recipes` (`id`, `title`, `post_date`, `description`, `category_id`, `ingredients`, `picture`, `pays`, `posted`, `admin_id`) VALUES
(1, 'Poitrine de veau farcie', '2018-09-19 14:13:52', '<!DOCTYPE html>\r\n<html>\r\n<head>\r\n</head>\r\n<body>\r\n<p>&Eacute;pluchez et ciselez ail et oignons. Faites fondre le beurre dans une cocotte avec l&rsquo;huile d&rsquo;olive. Mettez-y les d&eacute;s d&rsquo;ail et d&rsquo;oignon, 1 pinc&eacute;e de sel et laissez cuire &agrave; feu moyen pendant 5 minutes.</p>\r\n<p>A l&rsquo;aide d&rsquo;une &eacute;cumoire r&eacute;cup&eacute;rez les d&eacute;s d&rsquo;ail et d&rsquo;oignon et remplacez-les par la poitrine de veau. Faites la dorer &agrave; feu vif 2 min de chaque c&ocirc;t&eacute; (les 4 c&ocirc;t&eacute;s).</p>\r\n<p>Remettez ensuite ail et oignons, d&eacute;glacez avec la vin blanc et ajoutez la boite de tomates concass&eacute;es et le thym.</p>\r\n<p>M&eacute;langez et laissez cuire 1 h30 &agrave; 2 heures &agrave; couvert. Ma cocotte en inox ferme tr&egrave;s bien et ne laisse pas &eacute;chapper de vapeur. Mais si ce n&rsquo;est pas le cas pour la votre il est possible qu&rsquo;il manque un peu de liquide de cuisson &agrave; la fin, n&rsquo;h&eacute;sitez pas &agrave; ajouter un peu de bouillon de volaille par exemple.</p>\r\n</body>\r\n</html>', 3, 'Pour 6 personnes :', 'veau_farci.jpg', NULL, 1, 1),
(2, 'Tatins de foie gras', '2018-09-19 14:17:10', '<!DOCTYPE html>\r\n<html>\r\n<head>\r\n</head>\r\n<body>\r\n<p>Couper des tranches pas trop &eacute;paisses de pain d&rsquo;&eacute;pices. Avec un cercle de 6 cm, tailler directement dans la tranche comme un emporte pi&egrave;ce. Faire de m&ecirc;me avec le reste des tranches.</p>\r\n<p>Couper 4 bonnes tranches de foie gras mi-cuit. Enfoncer la tranche dans le cercle&hellip; Puis combler les trous avec les morceaux qui restent. R&eacute;server au r&eacute;frig&eacute;rateur.</p>\r\n<p>Pour cuire les pommes, utiliser le gras jaune des tranches de foie gras. En mettre l&rsquo;&eacute;quivalent d&rsquo;une cuiller&eacute;e &agrave; soupe. Couper les pommes en quartiers puis en petits morceaux. Mettre la po&ecirc;le sur feu assez fort. Ajouter les pommes dans le gras fondu. Saler, poivrer, saupoudrer de m&eacute;lange &laquo;&nbsp;4 &eacute;pices&nbsp;&raquo; et saupoudrer l&eacute;g&egrave;rement de sucre.</p>\r\n<p>Quand les pommes commencent &agrave; &ecirc;tre tendres, ajouter le cognac. Puis flamber! Depuis petit, j&rsquo;aime ce moment o&ugrave; l&rsquo;on flambe le contenu d&rsquo;une po&ecirc;le! Puis laisser cuire les pommes jusqu&rsquo;&agrave; ce qu&rsquo;une partie d&rsquo;entre elles soit fondue et caram&eacute;lis&eacute;e. Laisser compl&egrave;tement refroidir.</p>\r\n<p>Remplir les cercles avec la compot&eacute;e de pommes. Lisser la surface avec une cuiller. Laisser reposer au frais au moins trois heures.</p>\r\n<p>Avant de servir passer un coup de s&egrave;che-cheveux sur le bord ext&eacute;rieur du cercle. Puis d&eacute;cercler d&eacute;licatement.</p>\r\n</body>\r\n</html>', 2, '4 tranches de pain d’épices\r\n4 tranches de foie gras (conserver le gras jaune qui se trouve au dessus)\r\n3 ou 4 pommes \r\n2 ou 3 bonnes pincées de mélange de 4 épices\r\n1/2 verre à digestif de cognac ou de calvados\r\n10g de sucre\r\nSel, poivre', 'tatin_foie_gras.jpg', 'France', 1, 1),
(3, 'Pancakes à la noix de coco', '2018-09-21 10:30:12', '<!DOCTYPE html>\r\n<html>\r\n<head>\r\n</head>\r\n<body>\r\n<p>Dans un saladier, versez la farine, le sucre, la pinc&eacute;e de sel, la levure chimique et la noix de coco en poudre. M&eacute;langez.</p>\r\n<p>Dans un autre saladier, cassez l&rsquo;&oelig;uf et battez le en omelette. Versez-y le lait de coco et le lait. Remuez.</p>\r\n<p>Versez les ingr&eacute;dients liquides dans les ingr&eacute;dients secs et m&eacute;langez l&eacute;g&egrave;rement, les &eacute;l&eacute;ments doivent &ecirc;tre juste incorpor&eacute;s. M&eacute;langez ingr&eacute;dients sec et liquides.</p>\r\n<p>Faites fondre de beurre dans une po&ecirc;le anti adh&eacute;sive. Versez 1 petite louche de p&acirc;te &agrave; pancakes et faites cuire environ 2 minutes d&rsquo;un c&ocirc;t&eacute;.</p>\r\n<p>Des petites bulles doivent appara&icirc;tre &agrave; la surface du pancake, c&rsquo;est signe qu&rsquo;il est temps de retourner.</p>\r\n<p>Cuisez environ 1 minute de l&rsquo;autre c&ocirc;t&eacute; et d&eacute;posez dans une assiette.</p>\r\n<p>Proc&eacute;dez ainsi pour les 8 autres pancakes.</p>\r\n</body>\r\n</html>', 4, 'Pour 8 pancakes à la noix de coco:\r\n\r\n • 170g de farine\r\n • 30g de cassonade\r\n • 1 sachet de levure chimique\r\n • 1 pincée de sel\r\n • 20g  de noix de coco en poudre\r\n • 1 oeuf\r\n • 20 cl de lait de coco\r\n • 12,5 cl de lait\r\n • 10 g de beurre', 'pancakes_coco.jpg', NULL, 1, 1),
(4, 'Soupe de lentilles corail au chorizo', '2018-09-22 14:42:13', '<!DOCTYPE html>\r\n<html>\r\n<head>\r\n</head>\r\n<body>\r\n<p>&Eacute;pluchez les carottes, lavez-les et coupez les en rondelles.</p>\r\n<p>Enlevez la peau du chorizo. Coupez-la en rondelles d&rsquo;environ 1/2 cm. Faites les revenir 5/7 minutes dans une cocotte, le temps qu&rsquo;ils deviennent croustillant. R&eacute;cup&eacute;rez les tranches, d&eacute;posez-les sur un papier absorbant.</p>\r\n<p>&Eacute;pluchez l&rsquo;oignon et ciselez-le. Faites le revenir 5 minutes dans le gras du chorizo, puis ajoutez les morceaux de carottes, les piquillos &eacute;goutt&eacute;s, ajoutez un pinc&eacute;e de sel et cuisez &agrave; feu vif 5 minutes.</p>\r\n<p>Ensuite couvrez, et laissez cuire &agrave; feu moyen 10 minutes.</p>\r\n<p>&Ocirc;tez le couvercle, ajoutez le paprika, le cumin, les lentilles et le bouillon de volaille. M&eacute;langez et cuisez 30 minutes &agrave; couvert.</p>\r\n<p>Ajoutez les haricots blancs &eacute;goutt&eacute;s et cuisez 5 minutes le temps qu&rsquo;ils soient chauds.</p>\r\n<p>Pendant ce temps mixez le chorizo pour obtenir des miettes et lavez, s&eacute;chez et ciselez le persil.</p>\r\n<p>Au moment de servir, r&eacute;cup&eacute;rez une louche de l&eacute;gumes pour la d&eacute;co et mixez le reste au blender.</p>\r\n<p>Servez la soupe dans des bols ajoutez dans chacun 1 grosse cuill&egrave;re &agrave; soupe de l&eacute;gumes non mix&eacute;s, saupoudrez de miettes de chorizo et de persil et servez !</p>\r\n</body>\r\n</html>', 2, 'Pour 6 personnes :\r\n    • 65 g de chorizo\r\n    • 1 oignon\r\n    • 4 carottes\r\n    • 1 bocal de piments del piquillos (225 g net égoutté) ou 2 poivrons rouges\r\n    • 130 g de lentilles corail\r\n    • 1 cuillère à café de paprika en poudre\r\n    • 1/2 cuillère à café de cumin\r\n    • 1 litre de bouillon de volaille (maison ou reconstitué avec des cubes)\r\n    • 1 boite de haricots blancs déjà cuits (Cannellini pour moi) – Poids net égoutté, 290 g\r\n    • 2 cuillères à soupe de persil plat', 'soupe_lentilles_corail.jpg', NULL, 1, 1),
(6, 'Salade d’avocat, nectarine, kiwaï et feta', '2018-09-26 18:01:32', '<!DOCTYPE html>\r\n<html>\r\n<head>\r\n</head>\r\n<body>\r\n<p>Lavez la nectarine et les kiwa&iuml;. Coupez la nectarine en lamelles et fendez les kiwa&Iuml; en deux. Pr&eacute;parez l&rsquo;assaisonnement : Dans un bol, placez une pinc&eacute;e de sel, une pinc&eacute;e de poivre. Ajoutez 2 cuill&egrave;res &agrave; soupe de jus de citron jaune et versez 3 cuill&egrave;res &agrave; soupe d&rsquo;huile d&rsquo;olive en &eacute;mulsionnant l&eacute;g&egrave;rement. R&eacute;servez. Enlevez la peau et les noyaux des avocats et coupez-les en cubes. Mettez-les dans le plat de service. Ajoutez les d&eacute;s de nectarine, les demi nergi, la feta grossi&egrave;rement &eacute;miett&eacute;e et arrosez de sauce. M&eacute;langez d&eacute;licatement et servez !</p>\r\n</body>\r\n</html>', 2, '<!DOCTYPE html>\r\n<html>\r\n<head>\r\n</head>\r\n<body>\r\n<p>Pour 4 personnes &bull; 2&nbsp;avocats &bull; 1&nbsp;nectarine &bull; 12&nbsp;kiwa&iuml; &bull; 100 g de&nbsp;feta Et pour l&rsquo;assaisonnement : &bull; 1 pinc&eacute;e de sel &bull; 1 pinc&eacute;e de poivre &bull; 1&nbsp;citron &bull; 3 cuill&egrave;res &agrave; soupe d&rsquo;huile d&rsquo;olive</p>\r\n</body>\r\n</html>', 'salade_avocat_nectarine.jpg', NULL, 1, 1),
(7, 'Salade de concombre à la truite fumée', '2018-09-26 18:01:51', '<!DOCTYPE html>\r\n<html>\r\n<head>\r\n</head>\r\n<body>\r\n<p>Pelez le concombre, puis, &agrave; l&rsquo;aide de votre &eacute;conome, taillez le en tagliatelles. Ne pr&eacute;levez pas la zone ayant des p&eacute;pins. Coupez la truite en lani&egrave;res. Coupez en petits d&eacute;s le citron confit. Lavez, s&eacute;chez et ciselez tr&egrave;s finement la ciboulette. Lavez et s&eacute;chez les grains de groseille. D&eacute;posez dans le plat les tagliatelles de concombre, les lani&egrave;res de truite fum&eacute;e, les d&eacute;s de citron confit, la ciboulette cisel&eacute;e et les grains de groseille. Ajoutez l&rsquo;huile d&rsquo;olive (j&rsquo;ai pris une huile parfum&eacute; aux agrumes), poivrez et m&eacute;langez. Servez imm&eacute;diatement.</p>\r\n</body>\r\n</html>', 2, '<!DOCTYPE html>\r\n<html>\r\n<head>\r\n</head>\r\n<body>\r\n<p>Pour 2/4 personnes suivant les faims &bull; 1&nbsp;concombre &bull; 4 tranches de&nbsp;truite fum&eacute;e&nbsp;(120 g) &bull; 1 cuill&egrave;re &agrave; caf&eacute; de d&eacute;s de&nbsp;citron confit&nbsp;&agrave; l&rsquo;huile &bull; 1 cuill&egrave;re &agrave; soupe de&nbsp;ciboulette&nbsp;cisel&eacute;e &bull; 16 grains de&nbsp;groseille &bull; 1 tour de moulin &agrave; poivre &bull; 2 cuill&egrave;res &agrave; soupe d&rsquo;huile d&rsquo;olive</p>\r\n</body>\r\n</html>', 'salade_concombre_truite.jpg', NULL, 1, 1),
(8, 'Carpaccio de courgettes, amandes et Parmesan', '2018-09-26 18:03:25', '<!DOCTYPE html>\r\n<html>\r\n<head>\r\n</head>\r\n<body>\r\n<p><strong>Pr&eacute;parez l&rsquo;assaisonnement :</strong></p>\r\n<p>Dans un bol, mettez une pinc&eacute;e de sel, 1 pinc&eacute;e de poivre, ajoutez le jus de citron et m&eacute;langez. Terminez en versant l&rsquo;huile d&rsquo;olive et en &eacute;mulsionnant l&eacute;g&egrave;rement. &nbsp;R&eacute;servez.&nbsp;</p>\r\n<p><strong>Pr&eacute;parez le carpaccio :</strong></p>\r\n<p>A l&rsquo;aide d&rsquo;une&nbsp;mandoline, tranchez la courgette en fines lamelles. D&eacute;posez-les joliment sur une assiette et assaisonnez-les avec la sauce r&eacute;alis&eacute;e pr&eacute;c&eacute;demment. Saupoudrez de lamelles de Parmesan r&acirc;p&eacute; (je les fais avec mon &eacute;conome), de c&acirc;pres, d&rsquo;amandes, de groseilles lav&eacute;es et s&eacute;ch&eacute;es et de basilic lui aussi nettoy&eacute; et s&eacute;ch&eacute;.</p>\r\n<p>R&eacute;servez au r&eacute;frig&eacute;rateur jusqu&rsquo;au moment de servir (pas trop longtemps sinon les courgettes ramollissent et perso je trouve que c&rsquo;est meilleur croquant) C&rsquo;est bon et cela change !</p>\r\n</body>\r\n</html>', 2, '<!DOCTYPE html>\r\n<html>\r\n<head>\r\n</head>\r\n<body>\r\n<p>Pour 4 personnes (en petite entr&eacute;e) : &bull; 1&nbsp;courgette &bull; 2 cuill&egrave;res &agrave; soupe de&nbsp;Parmesan&nbsp;r&acirc;p&eacute; &bull; 2 cuill&egrave;res &agrave; soupe de&nbsp;c&acirc;pres &bull; 2 cuill&egrave;res &agrave; soupe d&rsquo;amandes &bull; 2 cuill&egrave;res &agrave; soupe de&nbsp;groseilles &bull; 1 cuill&egrave;re &agrave; soupe de&nbsp;basilic Pour l&rsquo;assaisonnement &bull; 1 pinc&eacute;e de sel &bull; 1 pinc&eacute;e de poivre &bull; 1,5 cuill&egrave;re &agrave; soupe de jus de&nbsp;citron &bull; 3 cuill&egrave;res &agrave; soupe d&rsquo;huile d&rsquo;olive</p>\r\n</body>\r\n</html>', 'carpaccio_courgettes.jpg', NULL, 1, 1),
(9, 'Salade d’avocat, mangue, grenade et citron confit', '2018-09-26 18:04:23', '<!DOCTYPE html>\r\n<html>\r\n<head>\r\n</head>\r\n<body>\r\n<p>Dans un bol, mettez 1 pinc&eacute;e de sel, ajoutez le jus de citron jaune, l&rsquo;huile d&rsquo;olive et &eacute;mulsionnez l&eacute;g&egrave;rement.</p>\r\n<p>Lavez et s&eacute;chez le persil.</p>\r\n<p>&Eacute;pluchez la mangue et coupez-la en d&eacute;s.</p>\r\n<p>&Ocirc;tez les noyaux des avocats et coupez la chair en d&eacute;s.</p>\r\n<p>Fendez la grenade en deux et r&eacute;cup&eacute;rez l&rsquo;&eacute;quivalent de 3 cuill&egrave;res &agrave; soupe de graines.</p>\r\n<p>Coupez le citron confit en petits d&eacute;s.</p>\r\n<p>Mettez le tout dans un bol, arrosez de la sauce pr&eacute;alablement pr&eacute;par&eacute;e et m&eacute;langez d&eacute;licatement. Saupoudrez de quelques pluches de persil et servez imm&eacute;diatement.</p>\r\n</body>\r\n</html>', 2, '<!DOCTYPE html>\r\n<html>\r\n<head>\r\n</head>\r\n<body>\r\n<p>Pour 2 personnes : &bull; 1&nbsp;mangue &bull; 2&nbsp;avocats &bull; 1 cuill&egrave;re &agrave; soupe de&nbsp;citron confit &bull; 1&nbsp;grenade &bull; 1 cuill&egrave;re &agrave; soupe de pluches de&nbsp;persil &bull; 1 pinc&eacute;e de sel &bull; 2 cuill&egrave;res &agrave; soupe d&rsquo;huile d&rsquo;olive &bull; 1 cuill&egrave;re &agrave; caf&eacute; de jus de&nbsp;citron&nbsp;jaune</p>\r\n</body>\r\n</html>', 'salade_avocat_mangue.jpg', NULL, 1, 1),
(10, 'Côte de bœuf au four, cuisson basse température', '2018-09-26 18:05:55', '<!DOCTYPE html>\r\n<html>\r\n<head>\r\n</head>\r\n<body>\r\n<p>Sortez la viande du r&eacute;frig&eacute;rateur une bonne demi heure avant de commencer la cuisson, le temps qu&rsquo;elle revienne &agrave; temp&eacute;rature ambiante.</p>\r\n<p>Dans un petit bol m&eacute;langez l&rsquo;huile, les herbes de Provence et le sel. Badigeonnez la c&ocirc;te de boeuf de cette pr&eacute;paration.</p>\r\n<p>Faites chauffer une po&ecirc;le. Quand elle est bien chaude, saisissez-y la viande &agrave; feu vif environ 3 minutes de chaque c&ocirc;t&eacute;.</p>\r\n<p>D&eacute;barrassez la viande dans un plat et r&eacute;servez.</p>\r\n<p>Pr&eacute;chauffez four &agrave; 80&deg;C.</p>\r\n<p>Ajoutez un demi verre d&rsquo;eau dans le plat avec la c&ocirc;te de b&oelig;uf, enfoncez un thermosonde au c&oelig;ur de la c&ocirc;te et enfournez, le temps que la temp&eacute;rature &agrave; c&oelig;ur atteigne 58&deg;C (pour une cuisson ros&eacute;). Il faut compter environ 2h30 &agrave; 3 heures pour atteindre cette temp&eacute;rature.</p>\r\n<p>Pendant toute la cuisson arrosez r&eacute;guli&egrave;rement. Quand la viande a atteint &agrave; c&oelig;ur la bonne temp&eacute;rature, vous pouvez diminuer la temp&eacute;rature du four &agrave; 58&deg;C et attendre tranquillement vos invit&eacute;s. La viande sera toujours chaude et ne cuira pas davantage.</p>\r\n</body>\r\n</html>', 3, '<!DOCTYPE html>\r\n<html>\r\n<head>\r\n</head>\r\n<body>\r\n<p>Pour 4 personnes : &bull; 1 c&ocirc;te de&nbsp;boeuf&nbsp;de 1,3 kg &bull; 3 cuill&egrave;res &agrave; soupe d&rsquo;huile d&rsquo;olive &bull; 1 cuill&egrave;re &agrave; soupe d&rsquo;herbes de Provence &bull; 2 pinc&eacute;es de sel</p>\r\n</body>\r\n</html>', 'cote_boeuf.jpg', NULL, 1, 1),
(11, 'Carbonnade d’agneau à la bière, écrasée de pomme de terre', '2018-09-26 18:07:46', '<!DOCTYPE html>\r\n<html>\r\n<head>\r\n</head>\r\n<body>\r\n<p>Faire revenir les souris dans un peu de beurre et d&rsquo;huile en leur donnant une jolie coloration.</p>\r\n<p>Ajouter la garniture aromatique, (oignons carotte ail taill&eacute;s en petits cubes). Bien faire revenir l&rsquo;ensemble et ajouter la bi&egrave;re, faire bouillir 5 minutes.</p>\r\n<p>Ajouter le fond brun et cuire &agrave; couvert au four environ 1 heure dans un four pr&eacute;chauff&eacute; &agrave; 180&deg;C.</p>\r\n<p>A la fin de la cuisson sortir les souris et mettre &agrave; r&eacute;duire la sauce. Monter avec environ 40 gr de beurre et napper les souris. Vous pouvez aussi couper les souris en d&eacute;s pour une cuisson plus rapide.</p>\r\n<p>&Eacute;plucher, rincer, et tailler les pommes de terre en gros morceaux pour la pur&eacute;e. Les mettre en cuisson d&eacute;part eau froide et gros sel (&agrave; partir du point d&rsquo;&eacute;bullition laisser cuire pendant 20 min).</p>\r\n<p>Sortir les pommes de terre cuites &agrave; l&rsquo;eau, les passer au moulin, baratter &agrave; la spatule avec du beurre frais et du lait chaud, l&rsquo;huile d&rsquo;olive, le piment d&rsquo;Espelette, le persil plat hach&eacute; et r&eacute;server.</p>\r\n<p>Dresser &agrave; l&rsquo;aide d&rsquo;un cercle ou dans des bols et d&eacute;corer d&rsquo;une pluche de persil.</p>\r\n</body>\r\n</html>', 3, '<!DOCTYPE html>\r\n<html>\r\n<head>\r\n</head>\r\n<body>\r\n<p>Pour 6/8 personnes : &bull; 4&nbsp;souris d&rsquo;agneau &bull; 1,5 l de&nbsp;bi&egrave;re&nbsp;rousse ou brune &bull; 150 g d&rsquo;oignons &bull; 150 g de&nbsp;carottes &bull; 1&nbsp;bouquet garni &bull; 2 gousses d&rsquo;ail &bull; 2 cuiller&eacute;es &agrave; soupe de fond brun (genre fond de veau) La pur&eacute;e de pommes de terre : &bull; 1 kg de pommes de terre &bull; 100 gr de beurre &bull; 1dl d&rsquo;huile d&rsquo;olive &bull; 2 bouquets de persil plat &bull; &frac14; de l de lait</p>\r\n</body>\r\n</html>', 'carbonnade_agneau.jpg', NULL, 1, 1),
(12, 'Suprêmes de pintade à l’orange et au miel', '2018-04-24 12:39:32', 'Pelez et ciselez l’échalote. Pressez une orange de manière à obtenir 125 ml de jus. Déposez 15 g de beurre et 1 cuillère à soupe d’huile d’olive dans une cocotte. Faites chauffer, et, quand le beurre est fondu faites y dorer l’échalote et les morceaux de pintade (j’ai enlevé une peu de la peau) pendant 5 minutes. Salez légèrement et ajoutez le piment d’Espelette, le jus d’orange, le miel, le bouillon de volaille et le thym. Couvrez et faites cuire à frémissement pendant 30 minutes.\r\nAu bout de ce laps de temps, s’il reste trop de liquide, ôtez les morceaux de pintade, faites réduire la sauce à feu vif jusqu’à la consistance souhaitée et remettez-y les morceaux de pintade.\r\nPour ceux qui sont fans d’agrumes accompagnez de rondelles d’oranges caramélisées : Coupez dans une demi orange 3 ou 4 tranches fines. Faites fondre 10 g de beurre dans une poêle. Ajoutez le miel, mélangez. Quand le mélange est homogène, ajoutez les rondelles d’orange et faites colorer à feu vif sur les 2 faces pendant environ 4 minutes. Servez avec la pintade.', 3, 'Pour 2 personnes\r\n    • 2 suprêmes de pintade fermière, label rouge St SEVER\r\n    • 1 orange (125 ml de jus)\r\n    • 75 ml de bouillon de volaille ( maison ou reconstitué avec un cube)\r\n    • 1 échalote\r\n    • 15 g de beurre\r\n    • 1 cuillère à soupe d’huile d’olive\r\n    • 1 cuillère à soupe de miel\r\n    • 1 pincée de sel\r\n    • 1 cuillère à café de thym séché\r\n    • 1 cuillère à café de piment d’Espelette (ou de sauce Sriracha)\r\nPour l’accompagnement\r\n    • 1/2  orange\r\n    • 1 cuillère à café de miel\r\n    • 10 g de beurre', 'supremes_pintade.jpg', NULL, 1, 1),
(13, 'Selle d’agneau aux épices', '2018-04-24 12:42:31', 'Retirez les canons de la selle d’agneau tout en préservant les panoufles.\r\nAssaisonnez la viande d’une pincée de piment d’Espelette et d’une pincée de ras el hanout. Roulez le morceau d’agneau sur lui même (ou pour mieux dire, roulez les canons d’agneau dans les panoufles) et ficelez-le à l’aide de ficelle alimentaire.\r\nChauffez 2 cuillères à soupe d’huile d’olive dans un sautoir. Saisissez les selles d’agneau sur toutes les faces puis poursuivez la cuisson dans un four préchauffé à 220°C, chaleur tournante pour 12 minutes de cuisson. Laissez reposer 6 minutes sur grille au chaud.\r\nPendant ce temps : Versez le bouillon dans une casserole. Ajoutez le céleri, l’oignon, le cumin, le safran et portez à ébullition. Plongez-y ensuite le boulghour et faites cuire à petite ébullition le temps indiqué sur l’emballage (11 minutes en général). Egouttez.\r\nCoupez les piquillos en triangles, les abricots secs en lamelles. Epluchez les cébettes et ciselez-les finement (en biseau si vous pouvez sinon faites justes de fines tranches). Lavez et séchez les feuilles de menthe et de mélisse et hachez-les (avec un grand couteau, c’est le plus facile)\r\nPréparez également la sauce yaourt : Lavez, séchez et hachez les feuilles de menthe. Dans un bol, mettez le yaourt, ajoutez le sel, le poivre, l’huile d’olive et terminez avec les feuilles de menthe. Mélangez et réservez au frais.\r\nFaites suer les cébettes dans une sauteuse avec une cuillère à soupe d’huile d’olive. Mélangez-les au boulghour et ajoutez-lui les triangles de piquillos, les lamelles d’abricots secs, la menthe et la mélisse. Mélangez et servez avec les morceaux d’agneau coupés en deux (en biais, c’est plus joli)\r\nServez avec la sauce au yaourt et à la menthe.\r\nAstuce : Vous pouvez si vous avez, ajouter au boulghour des petits dés de citrons confits pour un peu plus de peps.', 3, 'Pour 4 personnes\r\n    • 2 selles d’agneau\r\n    • 4 pincées de piment d’Espelette\r\n    • 4 pincées de ras el hanout\r\n    • 2 cuillères à soupe d’huile d’olive\r\nPour la sauce au yaourt :\r\n    • 120 g de yaourt à la grecque\r\n    • 1 bouquet de feuilles de menthe\r\n    • 1 pincée de sel\r\n    • 1 pincée de poivre\r\n    • 2 cuillères à soupe d’huile d’olive\r\nPour le boulghour\r\n    • 1 litre de bouillon de volaille  (maison ou reconstitué avec des cubes)\r\n    • 50 g de céleri branche\r\n    • 50 g d’oignons\r\n    • 1/2 cuillère à café de cumin\r\n    • 1/2 cuillère à café de safran\r\n    • 200 g de boulghour\r\n    • 150 g de piquillos (ou poivrons grillés)\r\n    • 3 abricots secs (les moelleux)\r\n    • 16 cébettes (ou aillet)\r\n    • 1 cuillère à soupe d’huile d’olive\r\n    • 5 feuilles de menthe\r\n    • 5 feuilles de mélisse\r\n    • 1 pincée de sel\r\n    • 1 pincée de poivre', 'selle_agneau_epices.jpg', NULL, 1, 1),
(14, 'Gigot d’agneau au four', '2018-04-24 12:51:49', 'Sortez le gigot du réfrigérateur 30 minutes avant de démarrer la cuisson.\r\nPréchauffez le four à 190°C. Déposez le gigot dans un plat allant au four. Salez-le sur toutes les faces et saupoudrez-le d’herbes de Provence.\r\nEnfournez quand le four a atteint les 190°C et laissez cuire 50 minutes, chaleur tournante. Avec mon four vapeur, j’ai utilisé la chaleur tournante mais avec une petite addition de vapeur. Top !\r\nLaissez reposer une quinzaine de minutes sous un papier alu avant de découper et servir.', 3, 'Pour 4/6 personnes\r\n    • 1 gigot d’agneau de 1,1 kg\r\n    • 1 pincée de sel\r\n    • 1 cuillère à café d’herbes de Provence', 'gigot_agneau.jpg', NULL, 1, 1),
(15, 'Filet mignon au chorizo et aux poivrons', '2018-04-24 12:52:27', 'Préchauffez le four à 190°C, chaleur tournante.\r\nÔter la peau du chorizo. Tranchez-le en une douzaine de rondelles que vous coupez en deux.  Fendez le poivron en deux, lavez-le et pelez-le. Coupez-le ensuite en dés grossiers.\r\nDéposez le filet mignon dans un plat allant au four.  Répartissez autour les dés de poivrons et de chorizo, versez les tomates concassées, salez et saupoudrez d’une cuillère à soupe de sucre roux.\r\nEnfournez pour 40 minutes de cuisson en mélangeant une ou deux fois en cours de route !', 3, 'Pour 4 personnes :\r\n    • 1 filet mignon de porc\r\n    • 1 morceau de chorizo (doux ou piquant suivant vos goûts) d’une dizaine de centimètres\r\n    • 1 poivron vert\r\n    • 1 boite de 400 ml de tomates concassées\r\n    • 1 pincée de sel\r\n    • 1 cuillère à soupe de sucre roux', 'filet_mignon_chorizo.jpg', NULL, 1, 1),
(16, 'Encornets farcis à la Minorquine', '2018-04-24 12:54:10', 'Videz les encornets, récupérez les morceaux de chair (les tentacules) et pelez la bestiole. Vous pouvez aussi demander au poissonnier si vous êtes un âme sensible  Demandez bien à garder les tentacules, les ailes et tout ce qui est comestible. Enlevez la peau et coupez tous ces morceaux en petits dés. Retournez la partie principale de l’encornet, comme une manche de pull over. Ainsi, point besoin de les fermer avec un cure dents, ils ne s’ouvriront pas.\r\nMélangez les petits dés d’encornets avec la chair à saucisse, la soubressade, les gousses d’ail hachées, l’oeuf, la chapelure et le persil. Mélangez à la main, c’est plus facile. Farcissez les encornets de cette préparation, bien jusqu’au bout. Laissez environ 1 cm de chair qui dépasse en haut.\r\nDéposez les encornets dans un plat à gratin, recouvrez du lait et du fumet de poisson. Saupoudrez de chapelure et enfournez dans un four préchauffé à 220°C pendant 30 minutes. Si vous voyez que la chapelure brûle, couvrez d’un papier alu.\r\nRichard avait décidé de faire pré cuire dans le plat dans lequel il cuit les encornets, des pommes de terre en rondelles. Tranchez finement 5 pommes de terre pelées et lavées (environ 500 g) et répartissez les tranches dans le plat à gratin. Mouillez à hauteur avec un fumet de poisson et faites cuire au four 40 minutes à 180°C.\r\nEnsuite mettez les encornets par dessus et poursuivez la cuisson comme ci-dessus (30 minutes à 220°C).', 3, 'Pour 6 personnes\r\n    • 1 kg d’encornets\r\n    • 200 g de saucisses de porc\r\n    • 50 g de soubressade (ou de chorizo à défaut)\r\n    • 2 gousses d’ail\r\n    • 1 oeuf\r\n    • 2 cuillères à soupe d’huile d’olive\r\n    • 4 cuillères à soupe de chapelure\r\n    • 1 cuillère à soupe de persil plat\r\n    • 200 ml de lait\r\n    • 200 ml de fumet de poisson (reconstitué avec un cube, c’est parfait)\r\nA la place de la chapelure, préparez si vous avez le temps, la recette du chef à savoir\r\n    • 50 g de pain rassis mixé\r\n    • 50 g de poudre d’amandes\r\n    • 1 cuillère à soupe de pistaches hachées\r\n    • 1 cuillère à café d’ail semoule\r\n    • 1 cuillère à soupe de persil plat', 'encornets_farcis.jpg', 'Espagne', 1, 1),
(17, 'Noix de Saint-Jacques poêlées et butternut rôtie', '2018-04-24 12:56:57', 'Épluchez la ou les courge(s) Butternut, ôtez-en les graines et lavez-les. Coupez-les ensuite en cubes d’environ 2 cm de côté. Mettez-les dans un saladier et arrosez-les avec l’huile de colza. Ajoutez le sel, le poivre et les épices et mélangez le tout. Déposez ces cubes assaisonnés sur une plaque de cuisson et enfournez pour 40 minutes dans un four préchauffé à 180°C (chaleur tournante).\r\n5 minutes avant la fin de la cuisson, ajoutez les grains de courges sur les dés de Butternut.\r\nAu moment de servir, versez 3 cuillères à soupe d’huile d’olive dans une poêle. Quand elle est chaude saisissez-y les noix de Saint-Jacques 2 minutes d’un côté, une minute de l’autre. Assaisonnez avec le sel et le piment d’Espelette et servez immédiatement avec les dés de Butternut rôtis.', 3, 'Pour 4 personnes :\r\nPour la courge butternut rôtie\r\n    • 1 grosse courge Butternut ou 2 moyennes\r\n    • 3 cuillères à soupe d’huile de colza\r\n    • 1/2 cuillère à café de noix de muscade\r\n    • 1/2 cuillère à café de piment d’Espelette\r\n    • 1 cuillère à café de sel\r\n    • Quelques tours de moulin à poivre\r\n    • 2 cuillères à soupe de graines de courges (facultatif) (*)\r\npour les noix de Saint Jacques\r\n    • 12 noix de Saint-Jacques\r\n    • 3 cuillères à soupe d’huile d’olive\r\n    • 1 pincée de sel\r\n    • 1 pincée de piment d’Espelette', 'saint-jacques_poelees.jpg', NULL, 1, 1),
(18, 'Cabillaud au four, pommes de terre, chorizo et amandes', '2018-04-24 12:58:37', 'Préchauffer le four à 200°C.\r\nBien rincer et sécher le Skrei puis le couper en quatre morceaux égaux. Mélanger dans une casserole avec un litre d’eau, cinq cuillères à soupe de sel et les morceaux de poisson pendant environ quinze minutes. Retirer et sécher.\r\nEplucher les pommes de terre et les couper en cubes. Dans de l’eau non salée, faire cuire jusqu’à tendreté. Égoutter et laisser les pommes de terre à l’air libre jusqu’à ce qu’elles soient complètement sèches. Ceci est important pour obtenir une purée belle. Puis écraser les pommes de terre et ajouter le lait préalablement chauffé. Ajouter le beurre à la purée avec du sel et du poivre. Garder au chaud.\r\nMettre un peu d’huile dans une poêle et faires revenir les poissons, d’abord sur le côté peau. Retourner les morceaux et faire cuire sur une plaque de cuisson environ 4 minutes au four, poursuivre la cuisson jusqu’à ce qu’elles soient bien cuites.\r\nPendant ce temps, couper les petits cubes le chorizo, les mettre ​dans une poêle avec la graisse de friture de poissons. Moudre les graines de la grenade, hacher le persil et ajouter le zeste de citron puis mélanger.\r\nDresser en mettant les filets de Skrei, la purée de pommes de terre aux amendes et le chorizo ​frit sur les assiettes.', 3, 'Pour 4 personnes :\r\nPour le poisson :\r\n    • 800 g de filet de cabillaud avec la peau\r\n    • 5 cuillères à soupe de sel\r\n    • 1 cuillères à soupe d’huile de tournesol\r\nPour la purée :\r\n    • 800 g de pommes de terre\r\n    • 1 sachet de poudre d’amandes\r\n    • 200 ml de lait\r\n    • 2 cuillères à soupe de beurre\r\n    • 1 pincée de sel\r\n    • 1 pincée de poivre\r\n    • 100 g de chorizo ​\r\n    • ½ grenade\r\n    • 2-3 brins de persil\r\n    • 1 zeste de 1 citron non traité', 'cabillaud_chorizo.jpg', '', 1, 1),
(19, 'Verrine de mousse au chocolat, praliné et poires', '2018-04-24 13:10:41', 'Etape 1 : Cassez le chocolat praliné en morceaux. Faites les fondre au bain marie. Mixez grossièrement 18 Butterfly de Kambly. Hors du feu, mélangez les miettes de biscuits au chocolat fondu et répartissez cette préparation équitablement entre les verrines. Tapotez-les sur le plan de travail pour bien égaliser la couche de praliné croustillant et réservez au réfrigérateur pour au moins 2 heures.\r\nEtape 2 : Le praliné réservé au réfrigérateur doit avoir maintenant pris. Cassez le chocolat blanc en morceaux. Faites le fondre au bain marie. Laissez le tiédir. Quand il a refroidi, montez la crème en chantilly au batteur ou au robot. Versez la moitié de la chantilly dans le chocolat blanc fondu, mélangez doucement mais de façon à avoir une consistance homogène puis versez l’autre moitié de chantilly. \r\nRépartissez cette préparation entre les verrines, sur le praliné croustillant. \r\nPlacez au moins 3 heures au réfrigérateur.\r\nAu moment de servir : Pelez les poires, ôtez les pépins et coupez la chair en petits dés. Répartissez-les dans les verrines et ajoutez un biscuit Butterfly en déco. Vous pouvez citronner légèrement les dés de poires à la fois pour le goût mais aussi pour éviter une oxydation trop rapide. Faites en fonction de vos goûts.', 4, 'Pour 4 verrines :\r\n    • 170 g de praliné (1 tablette, en grande surface)\r\n    • 1 paquet de biscuits Butterfly de Kambly\r\n    • 180 g de chocolat blanc\r\n    • 20 cl de crème fleurette (35% de matières grasses)\r\n    • 1 poire\r\n    • 1 citron', 'mousse_chocolat_praline_poires.jpg', NULL, 1, 1),
(20, 'Mille-feuilles de Petits beurre aux framboises', '2018-09-19 14:14:10', '<!DOCTYPE html>\r\n<html>\r\n<head>\r\n</head>\r\n<body>\r\n<p>Fouettez le fromage blanc et la cr&egrave;me fra&icirc;che, pr&eacute;alablement m&eacute;lang&eacute;s, avec le sucre glace et le sucre vanill&eacute;. Garnissez quatre Petits Beurre avec cette cr&egrave;me fouett&eacute;e. D&eacute;posez des framboises sur la cr&egrave;me. R&eacute;it&eacute;rez ensuite l&rsquo;op&eacute;ration avec quatre autres Petits Beurre, en superposant ce deuxi&egrave;me montage au premier. Appliquez un Petit Beurre sur les quatre montages ainsi obtenus. Pour finir, d&eacute;corez avec une rosace de cr&egrave;me fouett&eacute;e, une framboise et des pistaches concass&eacute;es. Trop beau non ?</p>\r\n</body>\r\n</html>', 4, 'Pour 4 personnes – Temps de préparation : 15 minutes\r\n    • 12 Petits Beurre de Bretagne Pur Beurre Ker Cadélac\r\n    • 150 g de framboises\r\n    • 125 g de fromage blanc\r\n    • 12 cl de crème fraîche liquide\r\n    • 2 cuillères à soupe de sucre glace\r\n    • 1 sachet de sucre vanillé\r\n    • 4 pincées de pistaches concassées', 'mille-feuilles_petits_beurre_framboises.jpg', NULL, 1, 1),
(21, 'Panacotta, croutillantes vanille et myrtilles', '2018-04-24 13:13:32', 'Plongez les feuilles de gélatine 10 min dans un bol d’eau froide. Versez la crème, les 40g de sucre et le sucre vanillé dans une petite casserole. Mettez le mélange à chauffer et sortez la casserole du feu aux premiers signes d’ébullition. Ajoutez la gélatine essorée et mélangez jusqu’à ce qu’elle dissolve.\r\nVersez la préparation dans 4 verres et placez au réfrigérateur au moins 3h le temps que la pannacotta prenne.\r\nAu moment de servir, coupez la crêpe en quatre. Mettez une poêle à chauffer avec une noisette de beurre et 1 c à soupe rase de sucre. Déposez les morceaux de crêpes dans la poêle et laissez-les cuire pour qu’elles caramélisent.\r\nDéposez sur la pannacotta, ajoutez les myrtilles sur le dessus, saupoudrez d’un peu de sucre glace et servez sans attendre.', 4, 'Ingrédients pour 4 personnes\r\n    • 3 feuilles de gélatine (6 g en tout)\r\n    • 50 cl de crème liquide allégée\r\n    • 40 g de sucre en poudre + 1 cuillère à café\r\n    • 1 sachet de sucre vanillé\r\n    • 100 g de myrtilles\r\n    • 1 crêpe sucrée\r\n    • 1 noisette de beurre\r\n    • 1 cuillère à soupe de sucre glace', 'panacotta_vanille_myrtilles.jpg', NULL, 1, 1),
(22, 'Burger basque', '2018-04-24 13:18:28', 'Faites griller les fines tranches d’échine de porc et posez-les sur une plaque une fois grillées. Disposez sur chaque tranche de porc les lamelles de brebis. Séparément faites légèrement chauffer les courgettes, les poivrons, le chorizo, le porc avec le fromage et les pains à burger.\r\nDécoupez les guindillas en rondelles. Coupez les pains en deux et appliquez sur chacune des phases la roquette, le poivron confit, les courgettes, l’échine de porc au Pur Brebis et le chorizo. Finir avec les guindillas et une pincée de piment d’Espelette.\r\nAstuce : Pour la cuisson du porc, il faut que cela soit rapide afin qu’il ne soit pas sec.', 5, 'Ingrédients pour 4 personnes :\r\n    • 200 g de lamelles de fromage Pur Brebis Pyrénées\r\n    • 240 g d’échine de porc (8 fines tranches de 30g)\r\n    • 120 g de courgettes en rondelles marinées\r\n    • 120 g de poivrons rouges confits (piquillos)\r\n    • 120 g de chorizo coupé en chiffonnade\r\n    • 40 g de roquette\r\n    • 8 guindillas\r\n    • 4 pains pour burger\r\n    • Piment d’Espelette', 'burger_basque.jpg', ' Pays basque', 1, 1),
(23, 'Burger d’agneau, sauce menthe', '2018-04-24 13:20:35', 'Dans un saladier, mélangez la viande d’Agneau St George avec la menthe et assaisonnez.\r\nDivisez la préparation en 4 et formez des burgers.\r\nFaites cuire à cœur sur un grill ou sur un barbecue pendant 4 à 6  minutes de chaque côté. Mettez ensuite le brie tranché durant 2 minutes et laissez fondre.\r\nPour la sauce, mélangez le yaourt et la menthe.\r\nServez les burgers sur un pain ciabatta toasté avec des poivrons grillés et accompagnez de la sauce au yaourt.', 5, 'Ingrédients pour 4 personnes :\r\n    • 500 g de viande d’agneau St George, hachée\r\n    • 2 cuillères à soupe de feuilles de menthe finement hachées\r\n    • 50 g de brie finement tranché\r\n    • 1 pincée de sel\r\n    • 1 pincée de poivre\r\n    • 1 pain ciabatta\r\nSauce au Yaourt\r\n    • 4 cuillères à soupe de yaourt\r\n    • 1 cuillère à soupe de menthe finement hachée', 'burger_agneau.jpg', NULL, 1, 1),
(24, 'Hamburgers maïs avocats', '2018-04-24 13:21:53', 'Épluchez l’oignon et coupez en tranches fines.\r\nOuvrez les 2 avocats, retirez le noyau et déposez la chair dans un bol, écrasez à la fourchette, ajoutez 2 cuillères à soupe de grains de maïs, le zeste du citron vert et le jus d’une moitié d’un citron, un peu de coriandre, mélangez et salez.\r\nFaçonnez 4 hamburgers avec la viande hachée et la pressant bien entre vos mains. Faites chauffer une poêle avec un morceau de beurre et ajoutez la viande, faites cuire 2 minutes sur la première face, retournez les et déposez des tranches fines de cheddar. Placez la poêle sous le grill du four pour continuer la cuisson et faire fondre le fromage. Cela prend 4 à 8 minutes environ selon la cuisson de viande souhaitée.\r\nPréparez vos pains à hamburger. Coupez les en 2, allumez le grill de votre four. Mettez de la sauce barbecue sur chaque moitié.\r\nSur la base des pains, ajoutez l’avocat écrasé, une feuille de salade, déposez le steak cuit avec le fromage fondu, ajoutez les oignons, et refermez le hamburger.Il n’y a plus qu’à vous régaler.', 5, 'Pour 4 personnes :\r\n\r\n4 pains hamburger\r\n600 gr de viande hachée de bœuf\r\n2 avocats \r\n1 petite boite de maïs en grains\r\nCoriandre\r\nCheddar \r\n4 à 8 feuilles de salade selon la taille \r\n1 oignon rouge\r\nSauce barbecue\r\n1 citron vert', 'burger_maison.jpg', NULL, 1, 1),
(25, 'Wraps poulet avocat', '2018-04-24 13:29:42', 'Faites fondre 15 g de beurre dans une poêle. Faites y cuire le blanc de poulet une dizaine de minutes  (en tournant à mi cuisson). Coupez-le ensuite en morceaux d’environ 2 cm et réservez.\r\nFaites griller les lardons à sec dans une poêle une petite dizaine de minutes, le temps qu’ils deviennent bien croustillant. Egouttez-les sur un papier absorbant, réservez.\r\nLavez la coriandre (ou le persil) et ciselez-le finement.\r\nPréparez le guacamole : fendez en 2 les avocats, ôtez le noyau et récupérez la chair. Mettez-la dans le bol du robot, ajoutez 2 cuillères à soupe de jus de citron vert, le cumin, le sel, la sauce Sriracha et mixez jusqu’à obtenir une consistance crémeuse. Débarrassez dans un bol, ajoutez le persil et mélangez.\r\nIl ne vous reste plus qu’à faire les wraps.\r\nTartinez un rectangle au centre du wrap de guacamole. Mettez la moitié du poulet et la moitié du bacon. Fermez et roulez.\r\nIl ne vous reste plus qu’à le coupez en deux, en diagonale et à vous régaler. ', 7, 'Pour 3 wraps  (6 demi wraps) :\r\n    • 3 tortillas (25 cm de diamètre) (clic ici pour la recette maison)\r\n    • 1 blanc de poulet fermier\r\n    • 100 g de lardons\r\n    • 1 citron vert\r\n    • 2 avocats\r\n    • 1 cuillère à café rase de cumin\r\n    • 1 pincée de sel\r\n    • 1/2 cuillère à café de sauce Sriracha (ou de Tabasco)\r\n    • 2 cuillères à soupe rases de coriandre ou de persil plat ciselé\r\n    • 15 g de beurre', 'wraps_poulet_avocat.jpg', NULL, 1, 1),
(26, 'Wraps d’agneau confit', '2018-04-24 13:31:16', 'Préchauffez le four à 180 °C. Dans un saladier mélangez le vinaigre balsamique, le sucre, les graines de cumin, les gousses d’ail, salez légèrement. Déposez la viande dans une cocotte en fonte, versez le mélange à base de balsamique. Faites cuire avec le couvercle au four durant 3h à 3h30 en retournant la viande à mi cuisson. Détachez la viande en petits morceaux à l’aide de 2 fourchettes. Réservez la dans la cocotte dans la sauce de cuisson jusqu’au service. Assaisonnez les carottes avec le vinaigre de riz et l’huile, salez. Proposez l’épaule confite accompagnée de carottes râpées, concombre, « lamb jam », wraps et menthe fraîche.', 7, 'Pour 6 personnes :\r\n\r\n2kg d’épaule d’agneau désossée\r\n1 cuillère à café de graines de cumin\r\n2 gousses d’ail\r\n700 ml de vinaigre balsamique\r\n150 gr de sucre brun\r\nThym', 'wraps_agneau_confit.jpg', NULL, 1, 1),
(27, 'Club sandwich poivrons grillés – courgette', '2018-04-24 13:33:56', 'Préchauffez le four à 210°C.\r\nFendez le poivron en deux. Ôtez les graines et les côtes blanches et déposez les deux moitiés, peau vers le haut, sur une plaque de cuisson recouverte de papier sulfurisé. Enfournez position haute et laissez cuire environ 40 minutes, la peau des poivrons devant avoir légèrement noirci à la fin de la cuisson.\r\nMettez vos poivrons dans un sac plastique et laissez refroidir 1 heure.\r\nPendant ce temps, préparez votre assaisonnement : Dans un petit saladier, mettez une pincée de sel, de poivre, arrosez avec le jus de citron et l’huile d’olive. Pelez la gousse d’ail, dégermez-la et coupez-la en petits cubes. Ajoutez à la sauce.\r\nAu bout d’une heure, ouvrez le sac plastique. Grâce à la condensation, la peau des poivrons va s’enlever quasiment toute seule. Coupez-les ensuite en dés et mettez-les dans la sauce préparée préalablement.  Cette étape peut être préparée à l’avance.\r\nLavez la courgette et à l’aide d’un rasoir à légumes, prélevez des lamelles.\r\nAu moment de servir : Faites griller le pain.  Recouvrez ensuite la première tranche avec une cuillère à soupe de poivrons confits. Ajoutez ensuite des lamelles de courgettes et une tranche de fromage. Ajoutez à nouveau une tranche de pain, des dés de poivrons, des lamelles de courgettes et une tranche de fromage et couvrez d’une 3 è tranche de pain.\r\nFendez en diagonale. Piquez à l’aide d’une brochette les 2 moitiés pour maintenir les 2 sandwiches en place et décorez chacune d’une olive noire.\r\nProcédez de la même façon avec les ingrédients restant.', 7, 'Pour 4 sandwiches :\r\n    • 6 tranches de pain de mie complet\r\n    • 1 gros poivron rouge\r\n    • 1 courgette\r\n    • 1 gousse d’ail\r\n    • 4 très fines tranches de fromage type Gruyère, Comté, Emmenthal\r\n    • 1.5 cuiller à café de jus de citron jaune\r\n    • 4 cuillères à café d’huile d’olive\r\n    • 1 pincée de sel\r\n    • 1 pincée de poivre du moulin\r\n    • 4 olives noires\r\n    • 4 piques à brochette', 'sandwich_poivrons_grilles.jpg', NULL, 1, 1),
(28, 'Pizza pommes lard et ricotta', '2018-04-24 13:35:32', 'Dans le bol du robot versez tous les ingrédients et pétrissez pour obtenir une belle pâte bien homogène , élastique (7/8 minutes). Déposez votre pâte sur le plan de travail légèrement fariné , faites une boule farinez le haut et recouvrez la d’un film étirable.Laissez reposer minimum 15 minutes à température ambiante. Partagez la pâte en 6 boules. \r\nDéposez un peu de farine de semoule de blé dur sur votre plan de travail pour étaler finement  la pâte. \r\nPréchauffez votre four à 250 °C.\r\nÉtalez 2 cuillères à soupe de ricotta sur votre pâte à pizza. Disposez le lard fumé (coupez une tranche en 3 ) et des tranches de pomme (en gardant la peau). Ajoutez du thym , sel et poivre et un filet d’huile d’olive.Étalez vos pizzas 15 à 30 minutes avant de la cuisson. Faites cuire 7 à10 minutes. A la sortie du four ajoutez un filet de miel liquide.\r\nCette recette vient du livre de Jamie Oliver sur l’Italie.', 6, 'Ingrédients pour 4 personnes :\r\n\r\nPâte à pizza (3 à 4 pizzas ): \r\n400 gr de farine blanche\r\n100 gr de farine de semoule de blé dur\r\n1/2 cuillère à café de sel\r\n1 sachet de levure lyophilisée 7 gr\r\n32 cl d’eau tiède\r\n1 cuillère à café de sucre en poudre\r\n\r\nGarniture :\r\n1 pot de ricotta\r\n5 pommes\r\n16/20 tranches de lard fumé\r\n1 bûchette de chèvre frais\r\nthym\r\nmiel', 'pizza_pommes_lard_ricotta.jpg', NULL, 1, 1),
(29, 'Flammeküche', '2018-04-24 13:37:56', 'Commencer par préparer la pâte.\r\nMettre la farine, le sel et l’huile dans un bol.\r\n\r\nCommencer à mélanger du bout des doigts. \r\nPuis ajouter suffisamment d’eau pour former une pâte. La quantité d’eau dépend du type de farine utilisé. Il faut y aller petit à petit. Puis pétrir la pâte soit à la machine avec un crochet à pâte, soit à la main pendant 10 minutes. Mettre cette boule de pâte dans un film étirable puis une heure au frais pour la détendre! \r\nEmincer l’oignon finement. \r\nOn peut zapper cette étape si l’on souhaite des oignons crus avant cuisson mais je préfère mille fois les précuire dans un peu de beurre et de vin avant de passer la flammeküche au four.\r\nDonc mettre une noix de beurre et une petite cuillerée d’huile dans une poêle et chauffer à feu doux.\r\n\r\nAjouter l’oignon émincé. \r\nLes oignons ne doivent pas colorer. Ajouter un demi verre de vin blanc et laisser cuire jusqu’à ce que tout le vin se soit évaporé. Eteindre le feu et réserver. \r\nPréchauffer le four sur 280°C. Couper la boule de pâte en deux. Aplatir une première moitié avec la paume de la main sur un papier sulfurisé.\r\n\r\nPuis avec un rouleau, étaler la pâte le plus finement possible.\r\nAvec un cercle à gâteau, couper un cercle de pâte. On peut couper simplement au couteau en essayant au mieux de faire un beau cercle!\r\nSe débarrasser des chutes.\r\nPlier tout le pourtour de la pâte en essayant de faire une frise.\r\nMélanger dans un bol la crème entière et le fromage blanc et étaler deux cuillerées à soupe de ce mélange sur la pâte.\r\nBien étaler jusqu’au bord plié.\r\nAjouter la moitié des lardons sur le dessus de la tarte.\r\nPuis la moitié des oignons. Saler et poivrer. Effectuer la même opération avec la deuxième boule de pâte pour faire une deuxième flammeküche.\r\nPasser au four pendant une dizaine de minutes ou jusqu’à ce que la tarte ait l’air cuit!\r\nPour ma part j’ai dans mon four, une plaque en pierre spéciale pour la cuisson du pain et des pizzas. Je cuis donc la tarte sur la fonction du four qui chauffe très fort la pierre pour saisir la pâte par en dessous. Mais sans cette pierre on peut très cuire la tarte mais dans un four très chaud. Il faut surveiller la cuisson de près car la pâte étant fine, elle brûle facilement', 6, 'pour 4 personnes (2 flammeküches)\r\n\r\nPâte:\r\n  -250g de farine\r\n  -50ml d’huile\r\n  -une bonne pincée de sel\r\n  -de l’eau\r\nGarniture:\r\n  -90g de crème épaisse\r\n  -90g de fromage blanc\r\n  -un gros oignon\r\n  -un demi verre de vin blanc sec\r\n  -150g de lardons allumettes fumés', 'flammekuche.jpg', 'France', 1, 1),
(30, 'Taloar', '2018-09-18 09:59:39', 'Le Taloa (taloak au pluriel) est une galette composée de farine de maïs et d\'eau. Au Pays Basque on trouve facilement et elle se mange bien, de xistora (saucisse rouge au piment d\'espelette), de ventrèche (xingar), de fromage de brebis, etc. C\'est de la street food à la mode basque. \r\n\r\nVersez les deux farines et le sel dans un saladier. Faites un puits au centre et versez 300ml d\'eau. Mélangez doucement en ramenant la farine vers le centre. Si vous voyez que la pâte est sèche rajoutez jusqu\'à 50 ml d\'eau. Malaxez pour ancienne une boule de pâte que vous laissez reposer 1 heure, recouverte d\'un torchon.\r\n\r\nDivisez ensuite la pâte en petits morceaux que vous étalez au rouleau. Vous devez obtenir des galettes fines d\'environ 20 centimètres de diamètre.\r\n\r\nFaites les minutes de chaque côté dans une poêle anti-adhésive, à feu doux. Si vous avez une plancha, c\'est encore mieux.\r\n\r\nEnsuite, garnissez-les de ce que vous aimez.', 7, 'La recette pour 8 taloak:\r\n\r\n125 g de farine de maïs (si elle est nixtamalisée, c\'est mieux)\r\n375 g de farine de blé\r\n300 à 350 ml d\'eau (en fonction de la farine choisie)\r\n1/2 cuillère à café de sel', 'taloa.jpg', 'Pays basque', 1, 1),
(111, 'Pain en cocotte', '2018-09-20 13:25:24', '<!DOCTYPE html>\r\n<html>\r\n<head>\r\n</head>\r\n<body>\r\n<p style=\"color: #626262;\">Dans un saladier, m&eacute;langer ensemble la farine, le sel et la levure s&egrave;che. Verser l\'eau &agrave; temp&eacute;rature ambiante et m&eacute;langer jusqu\'&agrave; ce que la p&acirc;te forme une sorte de boule collante et humide, mais en aucun cas liquide. Si la p&acirc;te appara&icirc;t un peu trop liquide, ajouter un peu de farine, juste ce qu\'il faut pour former une boule irr&eacute;guli&egrave;re (elle doit rester collante et humide). Couvrir le saladier avec un torchon ou du film alimentaire et laisser reposer toute une nuit (environ 12 heures) &agrave; temp&eacute;rature ambiante.</p>\r\n<p style=\"color: #626262;\">Le matin suivant, pr&eacute;chauffer le four &agrave; 230&deg;C et y placer une cocotte en fonte ou en c&eacute;ramique vide avec le couvercle, jusqu\'&agrave; ce que la temp&eacute;rature souhait&eacute;e soit atteinte, ou id&eacute;alement 30 minutes.</p>\r\n<p style=\"color: #626262;\">Lorsque le four est chaud, retirer la cocotte. En recouvrir le fond de papier sulfuris&eacute; (attention, c\'est tr&egrave;s chaud !). Retirer la p&acirc;te du bol en r&acirc;clant les bords, former une boule &agrave; la main et la d&eacute;poser dans le fond de la cocotte (la p&acirc;te doit &ecirc;tre l&eacute;g&egrave;rement collante et irr&eacute;guli&egrave;re, c\'est normal). Saupoudrer d\'un peu de farine et enfourner avec le couvercle pendant 30 minutes. Retirer le couvercle et cuire pendant encore 10-15 minutes, jusqu\'&agrave; ce que la cro&ucirc;te soit bien dor&eacute;e. Transf&eacute;rer sur une grille et laisser refroidir. Le pain est pr&ecirc;t !</p>\r\n</body>\r\n</html>', 1, '• 360g de farine\r\n • 1½ cuil. à café de sel\r\n • ½ cuil. à café de levure boulangère sèche (instant yeast)\r\n • 360 ml d\'eau à température ambiante', 'pain_cocotte.jpg', NULL, 1, 1);
INSERT INTO `recipes` (`id`, `title`, `post_date`, `description`, `category_id`, `ingredients`, `picture`, `pays`, `posted`, `admin_id`) VALUES
(112, 'Pizza blanche à la mozzarella di buffala', '2018-09-18 12:35:05', '<!DOCTYPE html>\r\n<html>\r\n<head>\r\n</head>\r\n<body>\r\n<p><strong>Pour la p&acirc;te</strong></p>\r\n<p>D&eacute;layer la levure dans un peu d\'eau ti&egrave;de.&nbsp;</p>\r\n<p>Dans la cuve du batteur avec le crochet, r&eacute;unir la farine, l\'huile d\'olive, le reste d\'eau froide et la levure d&eacute;lay&eacute;e. P&eacute;trir pendant 5 min &agrave; petite vitesse. Ajouter ensuite le sel, puis p&eacute;trir de nouveau pendant 2 min. La p&acirc;te doit &ecirc;tre lisse et se d&eacute;tacher des parois. Sortir la p&acirc;te de la cuve du batteur et la fa&ccedil;onner en boule. La remettre dans la cuve, couvrir de film &eacute;tirable et laisser pousser une heure &agrave; temp&eacute;rature ambiente.</p>\r\n<p>Lorsque la p&acirc;te &agrave; doubler de volume, la p&eacute;trir pour faire sortir le gaz. L\'&eacute;taler finement et la poser sur une plaque recouverte de papier sulfuris&eacute;.</p>\r\n<p><strong>Pour la pizza</strong></p>\r\n<p>Pr&eacute;chauffer le four en position pizza.</p>\r\n<p>Dans un bol, m&eacute;langer le mascarpone et la ricotta jusqu\'&agrave; obtention d\'un ensemble homog&egrave;ne. Assaisonner de sel et de poivre.</p>\r\n<p>D&eacute;tailler la mozzarella en tranches de 1 cm d\'&eacute;paisseur.</p>\r\n<p>&Eacute;plucher les oignons, les couper en 2 et les &eacute;mincer tr&egrave;s finement.</p>\r\n<p>R&eacute;partir la pr&eacute;paration mascarpone-ricotta sur la p&acirc;te &agrave; pizza, puis disposer les lamelles de mozzarella et recouvrir d\'oignons &eacute;minc&eacute;s.</p>\r\n<p>Enfourner pendant 15 min.</p>\r\n<p>D&eacute;guster aussit&ocirc;t.</p>\r\n</body>\r\n</html>', 6, 'Pour la pâte :  •  400 g de farine de blé •  22 cl d\'eau • 8 g de levure de boulanger  •  6 pincées de sel fin • 2 c. à soupe d\'huile d\'olive\r\nPour la garniture :  •  100 g de mascarpone  •  100 g de ricotta  •  5 pincées de sel fin  •  5 tours du moulin à poivre  •  1 pièce de Mozzarella di Bufala • 1 Oignon blanc', 'pizza_blanche_mozzarella_buffala.jpg', NULL, 1, 1),
(113, 'Provoleta', '2018-09-26 14:32:04', '<!DOCTYPE html>\r\n<html>\r\n<head>\r\n</head>\r\n<body>\r\n<p>La provoleta est une entr&eacute;e argentine et qui d&eacute;rive du nom du fromage italien Provolone. On la r&eacute;alise avec le fromage Provolone Hilado Argentin, fromage n&eacute; de la n&eacute;cessit&eacute; d&rsquo;unifier les habitudes alimentaires des italo-argentins. C&rsquo;est ainsi que les immigrants eurent l&rsquo;id&eacute;e d&rsquo;introduire le fromage provolone, dans le r&ocirc;ti cr&eacute;ole (Asados, grillades argentines).</p>\r\n<p>Si vous n&rsquo;avez pas de grill ou si vous n&rsquo;&ecirc;tes pas en vacances et que vous n&rsquo;avez pas de barbecue vous pouvez faire cette recette soit au four, soit &agrave; la po&ecirc;le. Certes vous n&rsquo;aurez pas les marques traditionnelles laiss&eacute;es par le grill ni le c&ocirc;t&eacute; fum&eacute; mais le go&ucirc;t sera tr&egrave;s bon.</p>\r\n<p>&nbsp;</p>\r\n<p><strong>Pr&eacute;paration</strong></p>\r\n<p>Faites dorer le fromage dans une po&ecirc;le (ou grill) tr&egrave;s chaude avec un filet d&rsquo;huile d&rsquo;olive.</p>\r\n<p>Retournez quand c&rsquo;est dor&eacute; et que le provolone commence &agrave; fondre.</p>\r\n<p>Saupoudrez d&rsquo;origan s&eacute;ch&eacute;.</p>\r\n<p>Servez avec une salade de roquette.</p>\r\n<p>Variantes: Vous pouvez ajouter du jambon et des poivrons et cuire le tout au four. Vous pouvez servir ce plat avec la sauce argentine piquante chimichurri.</p>\r\n<p>&nbsp;</p>\r\n<p><strong>Histoire</strong></p>\r\n<p>Don Natalio Alba (1902-1983), calabrais de naissance, s&rsquo;est &eacute;tabli en Argentine tr&egrave;s jeune et il travaillait dans l&rsquo;industrie lact&eacute;e. Voulant associer les coutumes alimentaires des deux pays (Argentine-Italie), il cr&eacute;a le fromage <em>Provolone Hilado Argentino</em>, commercialis&eacute; sous la marque Provoleta. Ce fromage s&rsquo;adapte parfaitement &agrave; la cuisson sur les braises gr&acirc;ce &agrave; son faible pourcentage en mati&egrave;res graisses et &agrave; sa p&acirc;te fibreuse, donc parfait pour l&rsquo;int&eacute;grer dans les <em>asados</em> argentins.</p>\r\n</body>\r\n</html>', 2, '• 1 tranche de provolone doux (200g) (en épicerie italienne et au Carrefour)\r\n\r\n • 1 c. à c. d’origan séché\r\n\r\n • De  l’huile d’olive\r\n\r\n • Une portion de salade de roquette\r\n\r\n • Sel et poivre', 'provoleta.jpg', 'Argentine', 1, 1),
(114, 'Empanadas Arabes comme en Argentine', '2018-09-26 17:04:01', '<!DOCTYPE html>\r\n<html>\r\n<head>\r\n</head>\r\n<body>\r\n<p>Dans un plan de travail (ou un saladier), disposez la farine m&eacute;lang&eacute;e avec le sel, creusez une fontaine au centre et incorporez la levure &eacute;miett&eacute;e, versez un peu d&rsquo;eau et l&rsquo;huile, travaillez pour m&eacute;langez les ingr&eacute;dients. Il faut &eacute;viter que le sel entre en contact direct avec la levure.</p>\r\n<p>P&eacute;trir la p&acirc;te pour obtenir une consistance bien homog&egrave;ne qui permet &agrave; tous les ingr&eacute;dients de bien s&rsquo;int&eacute;grer. Faites en une boule et laissez reposer couverte loin des courants d&rsquo;air jusqu&rsquo;&agrave; ce qu&rsquo;elle double son volume (40 minutes &agrave; 1 heure).</p>\r\n<p>Ensuite donnez &agrave; la p&acirc;te la forme d&rsquo;un gros boudin et d&eacute;coupez de petites boules d&rsquo;environ 30g chacune.</p>\r\n<p>Laissez encore lever les boules de p&acirc;te (toujours couverts) dans un plat.</p>\r\n<p>Pendant ce temps, hachez l&rsquo;oignon, le poivron et les tomates en brunoise.</p>\r\n<p>Disposez la viande hach&eacute;e dans un grand bol et incorporez l&rsquo;oignon, le poivron et les tomates hach&eacute;s. Ajoutez le concentr&eacute; de tomates (tr&egrave;s important), le persil hach&eacute;, le cumin, le piment en poudre, le paprika , la menthe fra&icirc;che cisel&eacute;e et le jus du citron press&eacute;. Salez et p&eacute;trissez &agrave; la main cette farce (je mets un gant), pour bien int&eacute;grer les ingr&eacute;dients. Rectifiez l&rsquo;assaisonnement si besoin.</p>\r\n<p>Etalez chaque boule de p&acirc;te avec la main en faisant des disques et ensuite en vous aidant d&rsquo;un rouleau &agrave; p&acirc;tisserie faites des ronds d&rsquo;environ 18 &agrave; 20 cm de diam&egrave;tre.</p>\r\n<p>Garnissez le centre de chaque disque de p&acirc;te d&rsquo;une bonne quantit&eacute; de farce &agrave; la viande.</p>\r\n<p>Pour donner la forme qui les caract&eacute;rise il suffit de repliez d&rsquo;abord un c&ocirc;t&eacute; de la p&acirc;te sur la farce pour former la &laquo; base &raquo; de l&rsquo;empanada. Ensuite pliez les deux bords restants en formant une sorte de triangle sans fermer compl&egrave;tement l&rsquo;empanada. Enfournez &agrave; 180&deg;C-200&deg;C (Th.6-7) pendant 10 &agrave; 15 minutes.</p>\r\n<p>Servez avec des quarts de citron jaune.</p>\r\n</body>\r\n</html>', 2, 'Pour la pâte :\r\n\r\n •  500g de farine\r\n\r\n •  Eau environ 30 cl\r\n\r\n •  Huile d’olive 3 grosses cuillerées\r\n\r\n •  Sel 1 cuillerée\r\n\r\n •  Levure fraîche 15-20 g  ||  \r\n\r\n\r\n\r\nPour la farce :\r\n\r\n •  600g de viande hachée\r\n\r\n •  400g d’oignons\r\n\r\n •  200g de poivron rouge\r\n\r\n •  200g de tomates\r\n\r\n •  Persil haché\r\n\r\n •  De la menthe fraîche\r\n\r\n •  1 c. à Soupe de concentré de tomates\r\n\r\n •  1 citron\r\n\r\n •  Ají molido (piment rouge en poudre)\r\n\r\n •  Cumin\r\n\r\n •  Paprika\r\n\r\n •  Sel', 'empanada_arabe.jpg', 'Argentine', 1, 1),
(115, 'Pastafrola', '2018-09-26 17:15:32', '<!DOCTYPE html>\r\n<html>\r\n<head>\r\n</head>\r\n<body>\r\n<p lang=\"fr-FR\">Pour r&eacute;aliser cette recette de dessert argentin, commencez par r&eacute;aliser la p&acirc;te sabl&eacute;e. Pour cela, dans la cuve d&rsquo;un batteur ou dans un saladier, battez le beurre jusqu&rsquo;&agrave; ce qu&rsquo;il soit cr&eacute;meux, puis ajoutez le sucre et m&eacute;langez bien. Ajoutez ensuite les oeufs et continuez &agrave; battre jusqu&rsquo;&agrave; avoir un appareil &eacute;pais et cr&eacute;meux. Ajoutez ensuite le zeste de citron et l&rsquo;essence de vanille, et m&eacute;langez bien le tout.</p>\r\n<p lang=\"fr-FR\">Continuez la r&eacute;alisation de cette recette &agrave; l&rsquo;aide d&rsquo;une Maryse, en y ajoutant peu &agrave; peu la farine avec la levure chimique, et commencez &agrave; m&eacute;langer. Lorsque la p&acirc;te devient trop &eacute;paisse, continuez sur le plan de travail avec vos mains, jusqu&rsquo;&agrave; ce que la p&acirc;te soit homog&egrave;ne et que toute la farine y soit int&eacute;gr&eacute;e. Il ne faut cependant pas trop travailler la p&acirc;te afin qu&rsquo;elle ne devienne pas trop &eacute;lastique. &Agrave; pr&eacute;sent, filmez la p&acirc;te et laissez-la reposer durant 30 minutes au r&eacute;frig&eacute;rateur.</p>\r\n<p lang=\"fr-FR\">Pendant ce temps, pr&eacute;parez la garniture de votre tarte. Pour cela, prenez votre p&acirc;te de coings, p&acirc;te de patates douces ou votre confiture de lait, et r&eacute;chauffez-la doucement au micro-ondes ou dans une casserole, et, &agrave; l&rsquo;aide d&rsquo;une fourchette, &eacute;crasez-la jusqu&rsquo;&agrave; obtenir une pur&eacute;e. R&eacute;servez-la jusqu&rsquo;au moment de garnir la tarte.</p>\r\n<p lang=\"fr-FR\">Lorsque votre p&acirc;te a suffisamment repos&eacute;, abaissez-la (&eacute;talez-la) &agrave; environ 0,5 cm. Enfin, disposez-la dans un moule &agrave; tarte.</p>\r\n<p lang=\"fr-FR\">D&eacute;posez &agrave; pr&eacute;sent la p&acirc;te de coings / ou de patates douces / ou le dulce de leche de fa&ccedil;on &agrave; ce que l&rsquo;&eacute;paisseur du garnissage fasse 2 fois l&rsquo;&eacute;paisseur du fond de tarte.</p>\r\n<p lang=\"fr-FR\">Il ne reste plus qu&rsquo;&agrave; r&eacute;aliser les petites bandes de p&acirc;te avec les chutes afin de r&eacute;aliser un quadrillage sur le dessus de la tarte ; n&rsquo;h&eacute;sitez pas &agrave; mettre vos bandes de p&acirc;te au frigo quelques minutes afin qu&rsquo;elles soient plus maniables.</p>\r\n<p lang=\"fr-FR\">Et voil&agrave;, il ne reste plus qu&rsquo;&agrave; enfourner la tarte durant 40 minutes &agrave; 150&deg;C dans un four pr&eacute;chauff&eacute;. Si la tarte dore trop sur le dessus durant les 20 premi&egrave;res minutes, n&rsquo;h&eacute;sitez pas &agrave; la recouvrir d&rsquo;un papier aluminium.</p>\r\n<p lang=\"fr-FR\">Laissez refroidir votre dessert argentin et vous pourrez alors d&eacute;guster une d&eacute;licieuse tarte croquante et fondante comme ici !</p>\r\n</body>\r\n</html>', 4, '<!DOCTYPE html>\r\n<html>\r\n<head>\r\n</head>\r\n<body>\r\n<p>P&acirc;te sabl&eacute;e :</p>\r\n<ul>\r\n<li>400 grammes de farine type 45</li>\r\n<li>200 grammes de sucre</li>\r\n<li>200 grammes de beurre</li>\r\n<li>1/2 sachet de levure chimique</li>\r\n<li>1 oeuf + 1 jaune d&rsquo;oeuf</li>\r\n<li>1 C &agrave; S de sel</li>\r\n<li>1 C &agrave; C d&rsquo;essence de vanille</li>\r\n<li>Zeste d&rsquo;un citron&nbsp;</li>\r\n</ul>\r\n<p>Dulce de membrillo :</p>\r\n<ul>\r\n<li>400 grammes de p&acirc;te de coings</li>\r\n<li>2 C &agrave; S de porto rouge ( optionnel ) </li>\r\n</ul>\r\n<p>Ou dulce de batata :</p>\r\n<ul>\r\n<li>400 grammes de dulce de batata </li>\r\n</ul>\r\n<p>Ou dulce de leche :</p>\r\n<ul>\r\n<li>400 grammes de confiture de lait</li>\r\n</ul>\r\n</body>\r\n</html>', 'pastafrola.jpg', 'Argentine', 1, 1),
(116, 'Puchero', '2018-09-26 17:23:20', '<!DOCTYPE html>\r\n<html>\r\n<head>\r\n</head>\r\n<body>\r\n<p lang=\"fr-FR\">Pour r&eacute;aliser ce plat traditionnel argentin, il est important de commencer par pr&eacute;parer vos l&eacute;gumes. Pour cela, pelez et taillez-les grossi&egrave;rement, puis plongez-les dans une grande casserole d&rsquo;eau sal&eacute;e bouillonnante. Ajoutez alors les morceaux de viande coup&eacute;s en gros tron&ccedil;ons (sauf os &agrave; moelle) et laissez cuire &agrave; feu doux durant environ 3 heures. Pensez &agrave; &eacute;cumer de temps en temps afin de retirer les diff&eacute;rents &laquo; d&eacute;chets &raquo; de la viande qui vont flotter.</p>\r\n<p lang=\"fr-FR\">Au bout de deux heures de cuisson, ajoutez les os &agrave; moelle, et pensez &agrave; mettre du gros sel aux extr&eacute;mit&eacute;s des os afin de conserver la moelle &agrave; l&rsquo;int&eacute;rieur.</p>\r\n<p lang=\"fr-FR\">Lorsque les viandes et les l&eacute;gumes ont bien mijot&eacute; durant 3 heures, servez dans des assiettes creuses votre pot au feu argentin avec des portions de mix de l&eacute;gume et de viandes ainsi qu&rsquo;un os &agrave; moelle.</p>\r\n<p lang=\"fr-FR\">C&rsquo;est d&eacute;licieux, un classique revisit&eacute; dans de nombreux pays, notamment dans les cuisines d&rsquo;Argentine , et toujours un succ&egrave;s pour les longues soir&eacute;es d&rsquo;hiver !</p>\r\n</body>\r\n</html>', 3, '<!DOCTYPE html>\r\n<html>\r\n<head>\r\n</head>\r\n<body>\r\n<ul>\r\n<li lang=\"fr-FR\">400 grammes de collier de b&oelig;uf</li>\r\n<li lang=\"fr-FR\">400 grammes de plat de cotes</li>\r\n<li lang=\"fr-FR\">4 os &agrave; moelle</li>\r\n<li lang=\"fr-FR\">2 pommes de terre</li>\r\n<li lang=\"fr-FR\">2 patates douces</li>\r\n<li lang=\"fr-FR\">2 carottes</li>\r\n<li lang=\"fr-FR\">2 gousses d&rsquo;ail</li>\r\n<li lang=\"fr-FR\">1 poireau</li>\r\n<li lang=\"fr-FR\">2 branches de c&eacute;leri branche</li>\r\n<li lang=\"fr-FR\">1/4 de botte de persil</li>\r\n<li lang=\"fr-FR\">200 grammes de citrouille ( courge )</li>\r\n<li lang=\"fr-FR\">2 oignons blancs</li>\r\n<li lang=\"fr-FR\">2 clous de girofle</li>\r\n<li lang=\"fr-FR\">Sel, poivre</li>\r\n<li lang=\"fr-FR\">3 litres d&rsquo;eau</li>\r\n</ul>\r\n</body>\r\n</html>', 'puchero.jpg', 'Argentine', 1, 1),
(117, 'Fugazza ou Fugazzeta', '2018-09-26 17:27:08', '<!DOCTYPE html>\r\n<html>\r\n<head>\r\n</head>\r\n<body>\r\n<p>Pour r&eacute;aliser ce classique de la cuisine traditionnelle d&rsquo;Argentine, nous allons commencer par pr&eacute;parer la p&acirc;te. Pour cela, c&rsquo;est tout simple, m&eacute;langez dans un grand saladier la farine et le sel. Dans un second saladier, m&eacute;langez l&rsquo;eau ti&egrave;de, l&rsquo;huile, le sucre et la levure fra&icirc;che. Ensuite lorsque vous obtenez un m&eacute;lange homog&egrave;ne, versez puis m&eacute;langez le contenu du second saladier dans le m&eacute;lange de sel et de farine jusqu&rsquo;&agrave; obtenir une boule de p&acirc;te homog&egrave;ne. Pour cela p&eacute;trissez a la main votre p&acirc;te afin quelle soit bien homog&egrave;ne, et lui donner du corps et de l&rsquo;&eacute;lasticit&eacute;, puis laissez reposer 15 minutes. La p&acirc;te doit avoir bien gonfl&eacute; et &ecirc;tre tr&egrave;s l&eacute;g&egrave;rement collante. Coupez alors votre p&acirc;te en deux portion &eacute;gale et laissez reposer 30 minutes &agrave; temp&eacute;rature ambiante couverte de film plastique.</p>\r\n<p>Nous allons maintenant passer &agrave; la r&eacute;alisation de la garniture. Pour cela, dans un po&ecirc;le chaude, faites revenir quelques minutes vos oignons pr&eacute;alablement &eacute;minc&eacute;s dans un peu d&rsquo;huile d&rsquo;olive. Ajoutez ensuite le paprika, le piment et l&rsquo;origan, un peu de sel et de poivre, puis laissez cuire encore quelques minutes. Attention, les oignons ne doivent pas griller, il doivent juste &ecirc;tre tendres et bien assaisonn&eacute;s !</p>\r\n<p>Pr&eacute;chauffez votre four &agrave; 200 degr&eacute;s.</p>\r\n<p>&Agrave; pr&eacute;sent, huilez l&eacute;g&egrave;rement une plaque &agrave; pizza ou une grande plaque lisse allant au four et abaissez la premi&egrave;re boule de p&acirc;te avec un rouleau a patisserie jusqu&rsquo;&agrave; recouvrir enti&egrave;rement la plaque &agrave; pizza (la pate doit etre tr&egrave;s fine). Ajoutez directement sur la p&acirc;te 300 grammes de mozzarella rap&eacute;e. Ensuite, abaissez la seconde boule de p&acirc;te &agrave; pizza, d&eacute;posez-l&agrave; sur le fromage, puis soudez herm&eacute;tiquement les bords des deux p&acirc;tes avec un peu d&rsquo;eau. La p&acirc;te &agrave; pizza farcie est maintenant r&eacute;alis&eacute;e !</p>\r\n<p>Il ne reste plus qu&rsquo;a garnir votre pizza&nbsp; : ajoutez les oignons pr&eacute;cuits, puis recouvrez g&eacute;n&eacute;reusement le tout mozzarella r&acirc;p&eacute;e.</p>\r\n<p>Enfin, enfournez votre pizza durant 30 minutes au four ; elle sera pr&ecirc;te quand elle sera bien dor&eacute;e !</p>\r\n<p>Il n&rsquo;y a plus qu&rsquo;&agrave; se r&eacute;galer avec cette recette immanquable de la cuisine traditionnelle d&rsquo;Argentine m&ecirc;lant influences Italiennes et Sud Am&eacute;ricaines ; vous ne pouvez qu&rsquo;&ecirc;tre conquis !</p>\r\n</body>\r\n</html>', 6, '<!DOCTYPE html>\r\n<html>\r\n<head>\r\n</head>\r\n<body>\r\n<p><strong>Garnitures :</strong></p>\r\n<ul>\r\n<li>200 g mozzarella rap&eacute;e</li>\r\n<li>4 oignons</li>\r\n<li>1 C &agrave; soupe d&rsquo;origan frais</li>\r\n<li>1/2 C &agrave; C de piment de Cayenne</li>\r\n<li>1 pinc&eacute;e de paprika</li>\r\n<li>Sel</li>\r\n<li>Huile d&rsquo;olive</li>\r\n</ul>\r\n<p>&nbsp;</p>\r\n<p><strong>P&acirc;te :</strong></p>\r\n<ul>\r\n<li>500 g de farine</li>\r\n<li>300 ml d&rsquo;eau ti&egrave;de</li>\r\n<li>300 g de mozzarella rap&eacute;e</li>\r\n<li>3 c. &agrave; soupe d&rsquo;huile d&rsquo;olive</li>\r\n<li>4 C &agrave; C de sucre</li>\r\n<li>1 C &agrave; C de sel</li>\r\n<li>4 g de levure fra&icirc;che</li>\r\n</ul>\r\n</body>\r\n</html>', 'fugasa.jpg', 'Argentine', 1, 1),
(118, 'Alfajores Marplatenses', '2018-09-26 17:32:38', '<!DOCTYPE html>\r\n<html>\r\n<head>\r\n</head>\r\n<body>\r\n<p>En Argentine, tout le monde adore les Alfajores ! Il s&rsquo;en vend dans toutes les boulangeries, les p&acirc;tisseries, dans les supermarch&eacute;s, dans les caf&eacute;s et les restaurants &hellip; bref, partout. D&rsquo;ailleurs les Argentins mangent 6 millions d&rsquo;alfajores par jour !! Il en existe de tr&egrave;s nombreuses sortes, &laquo; classique &raquo;, &agrave; la ma&iuml;zena, plus ou moins croquant, plus ou moins moelleux, avec des tailles diff&eacute;rentes, &agrave; la coco, au chocolat et m&ecirc;me caf&eacute;.&nbsp;</p>\r\n<p>Aujourd&rsquo;hui, on vous propose la recette de cuisine d&rsquo;Argentine de l&rsquo;Alfajores qui est selon nous la plus gourmande : les Alfajores marplatenses, des Alfajores tout choco ! Il s&rsquo;agit de deux biscuits en chocolat fourr&eacute;s de confiture de lait puis recouverts d&rsquo;un nappage et enfin, parsem&eacute;s de noisettes torr&eacute;fi&eacute;s&hellip; une tuerie !</p>\r\n<p><strong>Pr&eacute;paration</strong></p>\r\n<p>Pour r&eacute;aliser cette recette de cuisine d&rsquo;Argentine, commencez par m&eacute;langer au fouet le beurre pommade avec le sucre jusqu&rsquo;&agrave; l&rsquo;obtention d&rsquo;une cr&egrave;me. Ajoutez ensuite l&rsquo;oeuf, le miel puis m&eacute;langez. &Agrave; pr&eacute;sent, ajoutez la farine, le chocolat en poudre, la levure chimique, le bicarbonate de soude et enfin le sucre vanill&eacute;. M&eacute;langez maintenant l&rsquo;ensemble des ingr&eacute;dients jusqu&rsquo;&agrave; former une masse homog&egrave;ne. Laissez ensuite reposer votre p&acirc;te en boule film&eacute;e au r&eacute;frig&eacute;rateur pendant au moins une heure.</p>\r\n<p>Une fois que la p&acirc;te a bien repos&eacute;, pr&eacute;chauffez votre four &agrave; 180&ordm; C.</p>\r\n<p>&Eacute;tirez la p&acirc;te &agrave; environ 0,7 centim&egrave;tre d&rsquo;&eacute;paisseur, puis, &agrave; l&rsquo;aide d&rsquo;emporte-pi&egrave;ce rond de 4 &agrave; 5 centim&egrave;tres de diam&egrave;tre, former vos disques. Placez-les ensuite sur une plaque de cuisson avec du papier sulfuris&eacute;, puis enfournez les au four durant 5 minutes &agrave; 180&deg;C. Une fois cuits, laissez-les refroidir ! &Agrave; pr&eacute;sent, garnissez-les de dulce de leche.</p>\r\n<p>On va maintenant passer &agrave; la touche finale, le nappage de vos alfajores ! Pour cela, c&rsquo;est tout simple, faites fondre votre chocolat, la cr&egrave;me, le beurre au bain marie, ajoutez y le sucre glace tamis&eacute; et m&eacute;langez bien. Nappez alors vos alfajores, sur grille puis saupoudrez-les de noisettes concass&eacute;es pr&eacute;alablement torr&eacute;fi&eacute;s, puis laissez-les refroidir au frais sur une grille jusqu&rsquo;&agrave; ce que le nappage soit bien dur.</p>\r\n<p>Voil&agrave;, il n&rsquo;y a plus qu&rsquo;&agrave; se faire plaisir en d&eacute;gustant ces Alfajores avec un caf&eacute; ou bien m&ecirc;me un bon chocolat chaud argentin : un submarino ! Une recette de cuisine d&rsquo;Argentine comme on en raffole !</p>\r\n</body>\r\n</html>', 4, '<!DOCTYPE html>\r\n<html>\r\n<head>\r\n</head>\r\n<body>\r\n<p><strong>Ingr&eacute;dients</strong></p>\r\n<ul>\r\n<li>85 grammes de beurre</li>\r\n<li>65 grammes de sucre</li>\r\n<li>1 oeuf</li>\r\n<li>10 grammes de miel</li>\r\n<li>170 grammes de farine&nbsp;</li>\r\n<li>1 sachet de sucre vanill&eacute;</li>\r\n<li>20 grammes de poudre de cacao am&egrave;re</li>\r\n<li>1 C &agrave; C de levure chimique</li>\r\n<li>1/2 C &agrave; C de bicarbonate de soude</li>\r\n<li>100 grammes de dulce de leche (la recette ici)</li>\r\n<li>100 grammes de noisettes</li>\r\n</ul>\r\n<p><strong>Nappage chocolat croquant :&nbsp;</strong></p>\r\n<ul>\r\n<li>150 grammes de chocolat</li>\r\n<li>125 grammes de beurre</li>\r\n<li>100 grammes de sucre glace</li>\r\n<li>5 cl de cr&egrave;me liquide enti&egrave;re</li>\r\n</ul>\r\n</body>\r\n</html>', 'alfajor.jpg', 'Argentine', 1, 1),
(119, 'Lomito', '2018-09-26 17:40:35', '<!DOCTYPE html>\r\n<html>\r\n<head>\r\n</head>\r\n<body>\r\n<p lang=\"fr-FR\">Pour faire cette recette argentine traditionnelle, commencez par r&eacute;aliser la cuisson de la viande (le jour ant&eacute;rieur). Assaisonnez de toute part votre longe de b&oelig;uf avec du sel et du poivre.</p>\r\n<p lang=\"fr-FR\">Ensuite, dans une grande casserole, mettez &agrave; suer vos oignons &eacute;minc&eacute;s ainsi que l&rsquo;ail hach&eacute;, et laissez-les cuire quelques minutes &agrave; feu fort. Lorsqu&rsquo;ils commencent &agrave; avoir une couleur dor&eacute;e, ajoutez la viande et recouvrez-la de bi&egrave;re. Ajoutez alors la moutarde, et assaisonnez copieusement.</p>\r\n<p lang=\"fr-FR\">Ensuite, continuez la cuisson de votre viande au four &agrave; 160&deg;C durant 40 minutes. Une fois cuit, sortez la viande du jus, puis laissez-la refroidir jusqu&rsquo;au jour suivant.</p>\r\n<p lang=\"fr-FR\">&Agrave; pr&eacute;sent, faites r&eacute;duire votre jus : ajoutez-y le fond de b&oelig;uf, v&eacute;rifiez l&rsquo;assaisonnement et laissez r&eacute;duire au moins 1 heure &agrave; feu doux jusqu&rsquo;&agrave; ce que la sauce devienne nappante.</p>\r\n<p lang=\"fr-FR\">Il ne reste plus qu&rsquo;&agrave; r&eacute;aliser le montage soit dans une assiette, soit en sandwich. Pour cela, faites l&eacute;g&egrave;rement toaster vos pains (si vous r&eacute;alisez la version sandwich), r&eacute;alisez vos &oelig;ufs sur le plat et tranchez vos tomates.</p>\r\n<p lang=\"fr-FR\">Il ne reste plus qu&rsquo;&agrave; assembler, vos tranches de longes de b&oelig;uf napp&eacute;es de son jus r&eacute;duit, les tranches de jambon, d&rsquo;emmental et de tomates ainsi que les &oelig;ufs sur le plat et la salade</p>\r\n<p lang=\"fr-FR\">Et voil&agrave; il ne vous reste plus qu&rsquo;&agrave; d&eacute;guster ce plat argentin typique accompagn&eacute; de frites ou d&rsquo;une pur&eacute;e de pommes de terre : un d&eacute;lice.</p>\r\n</body>\r\n</html>', 7, '<!DOCTYPE html>\r\n<html>\r\n<head>\r\n</head>\r\n<body>\r\n<p>&nbsp;</p>\r\n<p lang=\"fr-FR\"><strong>Pourla viande :</strong></p>\r\n<ul>\r\n<li lang=\"fr-FR\">900 grammes de longe de boeuf / porc</li>\r\n<li lang=\"fr-FR\">1 oignon</li>\r\n<li lang=\"fr-FR\">1 gousse d&rsquo;ail</li>\r\n<li lang=\"fr-FR\">1 litre de bi&egrave;re</li>\r\n<li lang=\"fr-FR\">2 C &agrave; S de moutarde</li>\r\n<li lang=\"fr-FR\">40 Cl de fond de boeuf / volaille/ l&eacute;gumes</li>\r\n<li lang=\"fr-FR\">Sel, poivre</li>\r\n</ul>\r\n<p lang=\"fr-FR\"><strong>Garniture :</strong></p>\r\n<ul>\r\n<li lang=\"fr-FR\">4 pains buns (pour la version Sandwich)</li>\r\n<li lang=\"fr-FR\">16 tranches d&rsquo;emmental</li>\r\n<li lang=\"fr-FR\">8 tranches de jambon blanc</li>\r\n<li lang=\"fr-FR\">8 oeufs</li>\r\n<li lang=\"fr-FR\">2 tomates</li>\r\n<li lang=\"fr-FR\">Salade</li>\r\n</ul>\r\n<p>&nbsp;</p>\r\n</body>\r\n</html>', 'lomito.jpg', 'Argentine', 1, 1),
(120, 'Submarino', '2018-09-26 17:44:00', '<!DOCTYPE html>\r\n<html>\r\n<head>\r\n</head>\r\n<body>\r\n<p lang=\"fr-FR\">Pour r&eacute;aliser cette recette d&rsquo;Argentine, c&rsquo;est tr&egrave;s simple comme vous pouvez l&rsquo;imaginer ! Tout d&rsquo;abord, commencez par faire bouillir votre lait dans une casserole. Lorsqu&rsquo;il commence &agrave; bouillir, versez le lait dans deux verres / tasses.</p>\r\n<p lang=\"fr-FR\">Ajoutez-y les barres de chocolat, laissez-les infuser 1 minute afin que le chocolat fonde. Enfin, &agrave; l&rsquo;aide d&rsquo;une cuill&egrave;re, m&eacute;langez-les au lait afin que le chocolat soit bien dissous. Ajoutez-y ensuite un peu sucre &agrave; votre go&ucirc;t et d&eacute;gustez !</p>\r\n<p lang=\"fr-FR\">C&rsquo;est tr&egrave;s simple, mais tellement meilleur qu&rsquo;avec du chocolat en poudre, et surtout, c&rsquo;est bien plus original !!</p>\r\n</body>\r\n</html>', 1, '<!DOCTYPE html>\r\n<html>\r\n<head>\r\n</head>\r\n<body>\r\n<p lang=\"fr-FR\"><strong>Ingr&eacute;dients</strong></p>\r\n<ul>\r\n<li lang=\"fr-FR\">1/2 litre de lait</li>\r\n<li lang=\"fr-FR\">2 barres de chocolat noir / ou blanc</li>\r\n</ul>\r\n<p lang=\"fr-FR\"><strong>Optionnel :</strong></p>\r\n<ul>\r\n<li lang=\"fr-FR\">Sucre</li>\r\n</ul>\r\n</body>\r\n</html>', 'submarino.jpg', 'Argentine', 1, 1),
(121, 'Locro criollo Argentino', '2018-09-26 17:56:08', '<!DOCTYPE html>\r\n<html>\r\n<head>\r\n</head>\r\n<body>\r\n<p>Pour r&eacute;aliser cette recette faisant parti des plats traditionnels Argentins, commencez par mettre &agrave; tremper les haricots dans un grand saladier rempli d&rsquo;eau la nuit,&nbsp; et effectuer la m&ecirc;me op&eacute;ration avec le ma&iuml;s blanc. Le trempage doit durer au minimum 12 heures.</p>\r\n<p>Commen&ccedil;ons cette d&eacute;licieuse recette avec un peu de taillage : coupez en petits tron&ccedil;ons la couenne de porc, taillez le chorizo en rondelles puis coupez-les en deux afin d&rsquo;obtenir des petits morceaux.&nbsp; Enfin, coupez grossi&egrave;rement les plats de c&ocirc;te, &eacute;mincez finement le poireau, les oignons nouveaux et les oignons classiques. Pelez le potimarron puis taillez les &frac34; en cubes de 2 cm et r&acirc;pez le restant du petit marron.</p>\r\n<p>&Agrave; pr&eacute;sent, passons &agrave; la pr&eacute;paration de la viande, nous allons commencer par blanchir le chorizo afin d&rsquo;&eacute;viter que votre plat soit trop gras. Pour cela, plongez vos morceaux de chorizo dans une grande casserole d&rsquo;eau, laissez-les cuire 10 minutes &agrave; partir des premiers fr&eacute;missements. Alors, votre chorizo aura &eacute;t&eacute; d&eacute;graiss&eacute;, sortez-le de l&rsquo;eau plus r&eacute;servez pour la suite de la recette.</p>\r\n<p>&Agrave; pr&eacute;sent, dans une grande casserole, faites suer sans mati&egrave;re grasse vos lardons, lorsqu&rsquo;ils commencent &agrave; caram&eacute;liser, ajoutez un petit peu d&rsquo;huile d&rsquo;olive puis ajoutez les oignons nouveaux et les oignons blancs et le poireau pr&eacute;alablement &eacute;minc&eacute;s. Faites sauter le tout durant quelques minutes &agrave; feu moyen. Lorsque l&rsquo;ensemble commence &agrave; &ecirc;tre cuit ( plus ou moins 5 minutes de cuisson ), ajoutez le ma&iuml;s ainsi que les haricots tremp&eacute;s et enfin le chorizo d&eacute;graiss&eacute;; ajoutez de l&rsquo;eau propre &agrave; hauteur, assaisonnez puis laissez cuire 1 heure 30 &agrave; feu moyen ou bien 30 minutes dans une cocotte minute..</p>\r\n<p>&Agrave; pr&eacute;sent, vous &ecirc;tes bien avanc&eacute;s, ajoutez les cubes de potimarron ainsi que les morceaux de plat de c&ocirc;te, et condimentez votre plat ( origan, piment doux, cumin, et piment ainsi que sel et poivre ). Ajoutez &agrave; nouveau de l&rsquo;eau &agrave; hauteur puis laissez cuire une nouvelle fois le tout 30 minutes dans une cocotte minute ou bien 1 heure 30 dans une casserole normale.</p>\r\n<p>Pendant le dernier temps de cuisson, vous pourrez r&eacute;aliser la sauce d&eacute;licieuse qui accompagnera votre locro. Pour cela, c&rsquo;est tout simple, hachez finement vos oignons rouges, les poivrons rouges&nbsp; ainsi que les oignons nouveaux. Dans une grande po&ecirc;le, faites suer avec de l&rsquo;huile l&rsquo;ensemble de vos ingr&eacute;dients. &Agrave; pr&eacute;sent, ajoutez l&rsquo;ensemble de vos condiments ; il faut que votre sauce soit l&eacute;g&egrave;rement piment&eacute;e et bien rouge, cela va permettre de relever le go&ucirc;t de l&rsquo;ensemble du plat. Lorsque l&rsquo;ensemble des ingr&eacute;dients de votre sauce sont bien tendres, reservez-la de c&ocirc;t&eacute;.</p>\r\n<p>Lorsque le locro est cuit, il vous suffit simplement d&rsquo;y ajouter le potimarron r&acirc;p&eacute;. Cela va permettre de lier votre plat, assaisonnez une derni&egrave;re fois pour qu&rsquo;elle soit a votre go&ucirc;t et&nbsp; laissez cuire 10 minutes suppl&eacute;mentaires.</p>\r\n<p>Et voil&agrave;, vous avez&nbsp; r&eacute;alis&eacute; l&rsquo;un des plats traditionnels Argentins les plus connus, le locro Argentin ! D&eacute;gustez ce d&eacute;licieux plat avec sa petite sauce par dessus ; un d&eacute;lice pour l&rsquo;hiver.</p>\r\n</body>\r\n</html>', 3, '<!DOCTYPE html>\r\n<html>\r\n<head>\r\n</head>\r\n<body>\r\n<p>Temps de trempage : 12 heures</p>\r\n<p>Temps de pr&eacute;paration : 35 minutes</p>\r\n<p>Temps de cuisson normale : 3 heures 30</p>\r\n<p>Temps de cuisson cocotte minute : 1 heure 30</p>\r\n<p lang=\"fr-FR\"><strong>Ingr&eacute;dients&nbsp;pour 6 personnes :</strong></p>\r\n<p><span style=\"font-family: Lora, serif; font-size: 16.8px; text-align: center;\">&nbsp;</span><span style=\"font-family: Lora, serif; font-size: 16.8px; text-align: center;\">&bull;</span><span style=\"font-family: Lora, serif; font-size: 16.8px; text-align: center;\">&nbsp;</span>250 grammes de haricots blancs secs<span style=\"font-family: Lora, serif; font-size: 16.8px; text-align: center;\">&nbsp;</span><span style=\"font-family: Lora, serif; font-size: 16.8px; text-align: center;\">&bull;</span><span style=\"font-family: Lora, serif; font-size: 16.8px; text-align: center;\">&nbsp;</span>250 grammes de ma&iuml;s blanc sec<span style=\"font-family: Lora, serif; font-size: 16.8px; text-align: center;\">&nbsp;</span><span style=\"font-family: Lora, serif; font-size: 16.8px; text-align: center;\">&bull;</span><span style=\"font-family: Lora, serif; font-size: 16.8px; text-align: center;\">&nbsp;</span>1 chorizo fort<span style=\"font-family: Lora, serif; font-size: 16.8px; text-align: center;\">&nbsp;</span><span style=\"font-family: Lora, serif; font-size: 16.8px; text-align: center;\">&bull;</span><span style=\"font-family: Lora, serif; font-size: 16.8px; text-align: center;\">&nbsp;</span>60 grammes de couenne de porc<span style=\"font-family: Lora, serif; font-size: 16.8px; text-align: center;\">&nbsp;</span><span style=\"font-family: Lora, serif; font-size: 16.8px; text-align: center;\">&bull;</span><span style=\"font-family: Lora, serif; font-size: 16.8px; text-align: center;\">&nbsp;</span>300 grammes de lardons &eacute;pais<span style=\"font-family: Lora, serif; font-size: 16.8px; text-align: center;\">&nbsp;</span><span style=\"font-family: Lora, serif; font-size: 16.8px; text-align: center;\">&bull;</span><span style=\"font-family: Lora, serif; font-size: 16.8px; text-align: center;\">&nbsp;</span>500 grammes de plats de cotes<span style=\"font-family: Lora, serif; font-size: 16.8px; text-align: center;\">&nbsp;</span><span style=\"font-family: Lora, serif; font-size: 16.8px; text-align: center;\">&bull;</span><span style=\"font-family: Lora, serif; font-size: 16.8px; text-align: center;\">&nbsp;</span>2 oignons<span style=\"font-family: Lora, serif; font-size: 16.8px; text-align: center;\">&nbsp;</span><span style=\"font-family: Lora, serif; font-size: 16.8px; text-align: center;\">&bull;</span><span style=\"font-family: Lora, serif; font-size: 16.8px; text-align: center;\">&nbsp;</span>1 botte d&rsquo;oignons nouveaux<span style=\"font-family: Lora, serif; font-size: 16.8px; text-align: center;\">&nbsp;</span><span style=\"font-family: Lora, serif; font-size: 16.8px; text-align: center;\">&bull;</span><span style=\"font-family: Lora, serif; font-size: 16.8px; text-align: center;\">&nbsp;</span>1 poireau<span style=\"font-family: Lora, serif; font-size: 16.8px; text-align: center;\">&nbsp;</span><span style=\"font-family: Lora, serif; font-size: 16.8px; text-align: center;\">&bull;</span><span style=\"font-family: Lora, serif; font-size: 16.8px; text-align: center;\">&nbsp;</span>400 grammes de potimarron<span style=\"font-family: Lora, serif; font-size: 16.8px; text-align: center;\">&nbsp;</span><span style=\"font-family: Lora, serif; font-size: 16.8px; text-align: center;\">&bull;</span><span style=\"font-family: Lora, serif; font-size: 16.8px; text-align: center;\">&nbsp;</span>1 C &agrave; C de cumin<span style=\"font-family: Lora, serif; font-size: 16.8px; text-align: center;\">&nbsp;</span><span style=\"font-family: Lora, serif; font-size: 16.8px; text-align: center;\">&bull;</span><span style=\"font-family: Lora, serif; font-size: 16.8px; text-align: center;\">&nbsp;</span>&frac12; C &agrave; C de piment en poudre<span style=\"font-family: Lora, serif; font-size: 16.8px; text-align: center;\">&nbsp;</span><span style=\"font-family: Lora, serif; font-size: 16.8px; text-align: center;\">&bull;</span><span style=\"font-family: Lora, serif; font-size: 16.8px; text-align: center;\">&nbsp;</span>1 C &agrave; S d&rsquo;origan<span style=\"font-family: Lora, serif; font-size: 16.8px; text-align: center;\">&nbsp;</span><span style=\"font-family: Lora, serif; font-size: 16.8px; text-align: center;\">&bull;</span><span style=\"font-family: Lora, serif; font-size: 16.8px; text-align: center;\">&nbsp;</span>1 C &agrave; S de paprika / piment doux<span style=\"font-family: Lora, serif; font-size: 16.8px; text-align: center;\">&nbsp;</span><span style=\"font-family: Lora, serif; font-size: 16.8px; text-align: center;\">&bull;</span><span style=\"font-family: Lora, serif; font-size: 16.8px; text-align: center;\">&nbsp;</span>Sel, poivre</p>\r\n<p lang=\"fr-FR\"><strong>Sauce :</strong></p>\r\n<p><span style=\"font-family: Lora, serif; font-size: 16.8px; text-align: center;\">&nbsp;</span><span style=\"font-family: Lora, serif; font-size: 16.8px; text-align: center;\">&bull;</span><span style=\"font-family: Lora, serif; font-size: 16.8px; text-align: center;\">&nbsp;</span>2 oignons rouges<span style=\"font-family: Lora, serif; font-size: 16.8px; text-align: center;\">&nbsp;</span><span style=\"font-family: Lora, serif; font-size: 16.8px; text-align: center;\">&bull;</span><span style=\"font-family: Lora, serif; font-size: 16.8px; text-align: center;\">&nbsp;</span>1 botte d&rsquo;oignon nouveau<span style=\"font-family: Lora, serif; font-size: 16.8px; text-align: center;\">&nbsp;</span><span style=\"font-family: Lora, serif; font-size: 16.8px; text-align: center;\">&bull;</span><span style=\"font-family: Lora, serif; font-size: 16.8px; text-align: center;\">&nbsp;</span>2 poivrons rouges<span style=\"font-family: Lora, serif; font-size: 16.8px; text-align: center;\">&nbsp;</span><span style=\"font-family: Lora, serif; font-size: 16.8px; text-align: center;\">&bull;</span><span style=\"font-family: Lora, serif; font-size: 16.8px; text-align: center;\">&nbsp;</span>Sel, poivre<span style=\"font-family: Lora, serif; font-size: 16.8px; text-align: center;\">&nbsp;</span><span style=\"font-family: Lora, serif; font-size: 16.8px; text-align: center;\">&bull;</span><span style=\"font-family: Lora, serif; font-size: 16.8px; text-align: center;\">&nbsp;</span>1 C &agrave; S de Piment doux/ Paprika<span style=\"font-family: Lora, serif; font-size: 16.8px; text-align: center;\">&nbsp;</span><span style=\"font-family: Lora, serif; font-size: 16.8px; text-align: center;\">&bull;</span><span style=\"font-family: Lora, serif; font-size: 16.8px; text-align: center;\">&nbsp;</span>1/2 C &agrave; C de piment&nbsp;<span style=\"font-family: Lora, serif; font-size: 16.8px; text-align: center;\">&nbsp;&bull;&nbsp;</span>1 C &agrave; S d&rsquo; origan</p>\r\n</body>\r\n</html>', 'locro.jpg', 'Argentine', 1, 1),
(122, 'Pastel de papas', '2018-09-26 18:00:42', '<!DOCTYPE html>\r\n<html>\r\n<head>\r\n</head>\r\n<body>\r\n<p lang=\"fr-FR\">Pour r&eacute;aliser ce plat argentin typique, commen&ccedil;ons par le plus long dans cette recette : la r&eacute;alisation de la pur&eacute;e de pommes de terre. C&rsquo;est tout simple ; plongez vos pommez de terres pr&eacute;alablement &eacute;pluch&eacute;es dans une grande casserole d&rsquo;eau froide sal&eacute;e. Laissez cuire 20 &agrave; 25 minutes &agrave; partir de la premi&egrave;re &eacute;bullition (jusqu&rsquo;&agrave; ce que les pommes de terre soient bien tendres). Profitez-en par la m&ecirc;me occasion pour lancer une casserole d&rsquo;eau afin de cuire vos oeufs durs 10 minutes dans une eau fr&eacute;missante.</p>\r\n<p lang=\"fr-FR\">&Agrave; pr&eacute;sent, &eacute;mincez finement les oignons blancs ainsi que les oignons nouveaux (les verts) et hachez finement l&rsquo;ail.</p>\r\n<p lang=\"fr-FR\">Dans une grande casserole, il suffit de faire suer les oignons ainsi que l&rsquo;ail avec un peu d&rsquo;huile. Lorsqu&rsquo;ils sont bien translucides, ajoutez la viande hach&eacute;e et laissez cuire 10 bonnes minutes ; si vous voyer que votre viande commence &agrave; trop s&eacute;cher, ajoutez un tout petit peu d&rsquo;eau afin d&rsquo;&eacute;viter que cela n&rsquo;accroche &agrave; la casserole et afin de rendre la viande plus juteuse.</p>\r\n<p lang=\"fr-FR\">Ajoutez ensuite les diff&eacute;rentes &eacute;pices : piment doux, piment d&rsquo;Espelette, cumin et assaisonnez de sel et de poivre ; il faut que votre farce de viande soit puissante en go&ucirc;t, car cela rel&egrave;vera le go&ucirc;t de votre pur&eacute;e. Ajoutez enfin les olives pr&eacute;alablement taill&eacute;es en quartiers ainsi que les oeufs coup&eacute;s grossi&egrave;rement puis laissez cuire 10 minutes suppl&eacute;mentaires. N&rsquo;oubliez pas de v&eacute;rifier l&rsquo;assaisonnement puis r&eacute;servez pour la suite.</p>\r\n<p lang=\"fr-FR\">&Agrave; pr&eacute;sent, vos pommes de terre doivent s&ucirc;rement &ecirc;tre cuites, alors, &eacute;gouttez-les puis &eacute;crasez-les en pur&eacute;e &agrave; l&rsquo;aide d&rsquo;un presse-pur&eacute;e ou d&rsquo;une fourchette. Ajoutez un peu de sel, de poivre, un peu de piment doux, du beurre ainsi qu&rsquo;un peu de lait chaud afin de d&eacute;tendre votre pur&eacute;e. M&eacute;langez puis passez au montage de ce plat argentin typique.</p>\r\n<p lang=\"fr-FR\">Pour cela rien de plus simple, dans un grand plat &agrave; gratin, versez tout d&rsquo;abord votre farce de viande et r&eacute;partissez-la dans le fond du plat de fa&ccedil;on homog&egrave;ne. Ajoutez ensuite la pur&eacute;e sur le dessus afin de couvrir la viande d&rsquo;une couche g&eacute;n&eacute;reuse, puis enfournez au four 10 minutes &agrave; 180&deg; afin de l&eacute;g&egrave;rement gratiner votre pastel de papas.</p>\r\n<p lang=\"fr-FR\">Et voil&agrave;, c&rsquo;est fin pr&ecirc;t &agrave; &ecirc;tre d&eacute;gust&eacute; bien chaud : un d&eacute;lice !</p>\r\n</body>\r\n</html>', 3, '<!DOCTYPE html>\r\n<html>\r\n<head>\r\n</head>\r\n<body>\r\n<p lang=\"fr-FR\">1 kg de pomme de terre<span style=\"box-sizing: border-box; font-family: Lora, serif; font-size: 16.8px; text-align: center;\">&nbsp;</span><span style=\"box-sizing: border-box; font-family: Lora, serif; font-size: 16.8px; text-align: center;\">&bull;</span><span style=\"box-sizing: border-box; font-family: Lora, serif; font-size: 16.8px; text-align: center;\">&nbsp;</span>500 grammes de viande de boeuf hach&eacute;<span style=\"box-sizing: border-box; font-family: Lora, serif; font-size: 16.8px; text-align: center;\">&nbsp;</span><span style=\"box-sizing: border-box; font-family: Lora, serif; font-size: 16.8px; text-align: center;\">&bull;</span><span style=\"box-sizing: border-box; font-family: Lora, serif; font-size: 16.8px; text-align: center;\">&nbsp;</span>2 oignons blancs<span style=\"box-sizing: border-box; font-family: Lora, serif; font-size: 16.8px; text-align: center;\">&nbsp;</span><span style=\"box-sizing: border-box; font-family: Lora, serif; font-size: 16.8px; text-align: center;\">&bull;</span><span style=\"box-sizing: border-box; font-family: Lora, serif; font-size: 16.8px; text-align: center;\">&nbsp;</span>2 oignons nouveaux<span style=\"box-sizing: border-box; font-family: Lora, serif; font-size: 16.8px; text-align: center;\">&nbsp;</span><span style=\"box-sizing: border-box; font-family: Lora, serif; font-size: 16.8px; text-align: center;\">&bull;</span><span style=\"box-sizing: border-box; font-family: Lora, serif; font-size: 16.8px; text-align: center;\">&nbsp;</span>1 gousse d&rsquo;ail<span style=\"box-sizing: border-box; font-family: Lora, serif; font-size: 16.8px; text-align: center;\">&nbsp;</span><span style=\"box-sizing: border-box; font-family: Lora, serif; font-size: 16.8px; text-align: center;\">&bull;</span><span style=\"box-sizing: border-box; font-family: Lora, serif; font-size: 16.8px; text-align: center;\">&nbsp;</span>2 oeufs<span style=\"box-sizing: border-box; font-family: Lora, serif; font-size: 16.8px; text-align: center;\">&nbsp;</span><span style=\"box-sizing: border-box; font-family: Lora, serif; font-size: 16.8px; text-align: center;\">&bull;</span><span style=\"box-sizing: border-box; font-family: Lora, serif; font-size: 16.8px; text-align: center;\">&nbsp;</span>75 grammes d&rsquo;olives<span style=\"box-sizing: border-box; font-family: Lora, serif; font-size: 16.8px; text-align: center;\">&nbsp;</span><span style=\"box-sizing: border-box; font-family: Lora, serif; font-size: 16.8px; text-align: center;\">&bull;</span><span style=\"box-sizing: border-box; font-family: Lora, serif; font-size: 16.8px; text-align: center;\">&nbsp;</span>30 grammes de beurre<span style=\"box-sizing: border-box; font-family: Lora, serif; font-size: 16.8px; text-align: center;\">&nbsp;</span><span style=\"box-sizing: border-box; font-family: Lora, serif; font-size: 16.8px; text-align: center;\">&bull;</span><span style=\"box-sizing: border-box; font-family: Lora, serif; font-size: 16.8px; text-align: center;\">&nbsp;</span>Piment doux en poudre<span style=\"box-sizing: border-box; font-family: Lora, serif; font-size: 16.8px; text-align: center;\">&nbsp;</span><span style=\"box-sizing: border-box; font-family: Lora, serif; font-size: 16.8px; text-align: center;\">&bull;</span><span style=\"box-sizing: border-box; font-family: Lora, serif; font-size: 16.8px; text-align: center;\">&nbsp;</span>Lait<span style=\"box-sizing: border-box; font-family: Lora, serif; font-size: 16.8px; text-align: center;\">&nbsp;</span><span style=\"box-sizing: border-box; font-family: Lora, serif; font-size: 16.8px; text-align: center;\">&bull;</span><span style=\"box-sizing: border-box; font-family: Lora, serif; font-size: 16.8px; text-align: center;\">&nbsp;</span>Cumin<span style=\"box-sizing: border-box; font-family: Lora, serif; font-size: 16.8px; text-align: center;\">&nbsp;</span><span style=\"box-sizing: border-box; font-family: Lora, serif; font-size: 16.8px; text-align: center;\">&bull;</span><span style=\"box-sizing: border-box; font-family: Lora, serif; font-size: 16.8px; text-align: center;\">&nbsp;</span>Piment d&rsquo;Espelette<span style=\"box-sizing: border-box; font-family: Lora, serif; font-size: 16.8px; text-align: center;\">&nbsp;</span><span style=\"box-sizing: border-box; font-family: Lora, serif; font-size: 16.8px; text-align: center;\">&bull;</span><span style=\"box-sizing: border-box; font-family: Lora, serif; font-size: 16.8px; text-align: center;\">&nbsp;</span>Sel, poivre</p>\r\n</body>\r\n</html>', 'pastel_papas.jpg', 'Argentine', 1, 1);

-- --------------------------------------------------------

--
-- Estructura de tabla para la tabla `users`
--

DROP TABLE IF EXISTS `users`;
CREATE TABLE IF NOT EXISTS `users` (
  `id` int(4) NOT NULL AUTO_INCREMENT,
  `user_name` varchar(80) NOT NULL,
  `email` varchar(80) NOT NULL,
  `password` varchar(255) NOT NULL,
  `register_date` datetime NOT NULL,
  PRIMARY KEY (`id`),
  UNIQUE KEY `authors_id_uindex` (`id`),
  UNIQUE KEY `user_email` (`email`)
) ENGINE=InnoDB AUTO_INCREMENT=8 DEFAULT CHARSET=utf8;

--
-- Volcado de datos para la tabla `users`
--

INSERT INTO `users` (`id`, `user_name`, `email`, `password`, `register_date`) VALUES
(7, 'Normando', 'normandogil@gmail.com', 'Nahuelito', '2017-12-07 00:00:00');

--
-- Restricciones para tablas volcadas
--

--
-- Filtros para la tabla `recipes`
--
ALTER TABLE `recipes`
  ADD CONSTRAINT `recipes_ibfk_1` FOREIGN KEY (`category_id`) REFERENCES `categories` (`id`) ON DELETE NO ACTION ON UPDATE CASCADE;
COMMIT;

/*!40101 SET CHARACTER_SET_CLIENT=@OLD_CHARACTER_SET_CLIENT */;
/*!40101 SET CHARACTER_SET_RESULTS=@OLD_CHARACTER_SET_RESULTS */;
/*!40101 SET COLLATION_CONNECTION=@OLD_COLLATION_CONNECTION */;
